Manim Community v0.20.1

[06/04/26 16:05:12] INFO     Automatically converted   scene_file_writer.py:394
                             C:\Users\Coschool\manimat                         
                             ions\media\voiceovers\hel                         
                             lo-students-imagine-you-r                         
                             e-calculating-how-a5e3308                         
                             5.mp3 to .wav                                     
[06/04/26 16:05:14] WARNING  Font Poppins not in ['Agency   text_mobject.py:464
                             FB', 'Algerian', 'Arial',                         
                             'Arial Rounded MT',                               
                             'Bahnschrift', 'Baskerville                       
                             Old Face', 'Bauhaus 93', 'Bell                    
                             MT', 'Berlin Sans FB',                            
                             'Bernard MT', 'Blackadder                         
                             ITC', 'Bodoni MT', 'Bodoni MT                     
                             Poster', 'Book Antiqua',                          
                             'Bookman Old Style', 'Bradley                     
                             Hand ITC', 'Britannic',                           
                             'Broadway', 'Brush Script MT',                    
                             'Calibri', 'Californian FB',                      
                             'Calisto MT', 'Cambria',                          
                             'Cambria Math', 'Candara',                        
                             'Cascadia Code', 'Cascadia                        
                             Mono', 'Castellar', 'Centaur',                    
                             'Century', 'Century Gothic',                      
                             'Century Schoolbook',                             
                             'Chiller', 'Colonna MT',                          
                             'Comic Sans MS', 'Consolas',                      
                             'Constantia', 'Cooper',                           
                             'Copperplate Gothic',                             
                             'Corbel', 'Courier New',                          
                             'Curlz MT', 'Cursive',                            
                             'Dubai', 'Ebrima', 'Edwardian                     
                             Script ITC', 'Elephant',                          
                             'Engravers MT', 'Eras ITC',                       
                             'Fantasy', 'Felix Titling',                       
                             'Footlight MT', 'Forte',                          
                             'Franklin Gothic', 'Franklin                      
                             Gothic Book', 'Freestyle                          
                             Script', 'French Script MT',                      
                             'Gabriola', 'Gadugi',                             
                             'Garamond', 'Georgia', 'Gigi',                    
                             'Gill Sans', 'Gill Sans MT',                      
                             'Gloucester MT', 'Goudy Old                       
                             Style', 'Goudy Stout',                            
                             'Haettenschweiler', 'Harlow                       
                             Solid', 'Harrington', 'High                       
                             Tower Text', 'Impact',                            
                             'Imprint MT Shadow', 'Informal                    
                             Roman', 'Ink Free', 'Javanese                     
                             Text', 'Jokerman', 'Juice                         
                             ITC', 'Kristen ITC', 'Kunstler                    
                             Script', 'Leelawadee',                            
                             'Leelawadee UI', 'Lucida                          
                             Bright', 'Lucida Calligraphy',                    
                             'Lucida Console', 'Lucida                         
                             Fax', 'Lucida Handwriting',                       
                             'Lucida Sans', 'Lucida Sans                       
                             Typewriter', 'Lucida Sans                         
                             Unicode', 'MS Gothic', 'MS                        
                             PGothic', 'MS Reference Sans                      
                             Serif', 'MS UI Gothic', 'MV                       
                             Boli', 'Magneto', 'Maiandra                       
                             GD', 'Malgun Gothic', 'Matura                     
                             MT Script Capitals',                              
                             'Microsoft Himalaya',                             
                             'Microsoft JhengHei',                             
                             'Microsoft JhengHei UI',                          
                             'Microsoft New Tai Lue',                          
                             'Microsoft PhagsPa',                              
                             'Microsoft Sans Serif',                           
                             'Microsoft Tai Le', 'Microsoft                    
                             Uighur', 'Microsoft YaHei',                       
                             'Microsoft YaHei UI',                             
                             'Microsoft Yi Baiti',                             
                             'MingLiU-ExtB',                                   
                             'MingLiU_HKSCS-ExtB',                             
                             'MingLiU_MSCS-ExtB',                              
                             'Mistral', 'Modern No. 20',                       
                             'Mongolian Baiti',                                
                             'Monospace', 'Monotype                            
                             Corsiva', 'Myanmar Text',                         
                             'NSimSun', 'Niagara Engraved',                    
                             'Niagara Solid', 'Nirmala                         
                             Text', 'Nirmala UI', 'OCR A',                     
                             'Old English Text MT', 'Onyx',                    
                             'PMingLiU-ExtB', 'Palace                          
                             Script MT', 'Palatino                             
                             Linotype', 'Papyrus',                             
                             'Parchment', 'Perpetua',                          
                             'Perpetua Titling MT',                            
                             'Playbill', 'Poor Richard',                       
                             'Pristina', 'Rage', 'Ravie',                      
                             'Rockwell', 'Sans', 'Sans                         
                             Serif Collection',                                
                             'Sans-Serif', 'Script MT',                        
                             'Segoe Print', 'Segoe Script',                    
                             'Segoe UI', 'Segoe UI Emoji',                     
                             'Segoe UI Historic', 'Segoe UI                    
                             Symbol', 'Segoe UI Variable                       
                             Display', 'Segoe UI Variable                      
                             Small', 'Segoe UI Variable                        
                             Text', 'Serif', 'Showcard                         
                             Gothic', 'SimSun',                                
                             'SimSun-ExtB', 'SimSun-ExtG',                     
                             'Sitka Banner', 'Sitka                            
                             Display', 'Sitka Heading',                        
                             'Sitka Small', 'Sitka                             
                             Subheading', 'Sitka Text',                        
                             'Snap ITC', 'Stencil',                            
                             'Sylfaen', 'System-ui',                           
                             'Tahoma', 'Tempus Sans ITC',                      
                             'Times New Roman', 'Trebuchet                     
                             MS', 'Tw Cen MT', 'Verdana',                      
                             'Viner Hand ITC', 'Vivaldi',                      
                             'Vladimir Script', 'Wide                          
                             Latin', 'Yu Gothic', 'Yu                          
                             Gothic UI'].                                      
                    INFO     Animation 0 : Using cached    cairo_renderer.py:94
                             data (hash :                                      
                             2156817712_3378077752_2231324                     
                             57)                                               
                    INFO     Animation 1 : Using cached    cairo_renderer.py:94
                             data (hash :                                      
                             1600912824_2082936419_2881240                     
                             322)                                              
[06/04/26 16:05:15] INFO     Animation 2 : Using cached    cairo_renderer.py:94
                             data (hash :                                      
                             1600912824_3394500337_3936074                     
                             55)                                               
                    INFO     Animation 3 : Using cached    cairo_renderer.py:94
                             data (hash :                                      
                             1600912824_3081824339_1050788                     
                             27)                                               
                    INFO     Animation 4 : Using cached    cairo_renderer.py:94
                             data (hash :                                      
                             1600912824_3394500337_1414985                     
                             397)                                              
                    INFO     Animation 5 : Using cached    cairo_renderer.py:94
                             data (hash :                                      
                             1600912824_1502080951_3850013                     
                             929)                                              
                    INFO     Animation 6 : Using cached    cairo_renderer.py:94
                             data (hash :                                      
                             1600912824_4217992463_2371486                     
                             955)                                              
                    INFO     Animation 7 : Using cached    cairo_renderer.py:94
                             data (hash :                                      
                             1600912824_3952431410_1191344                     
                             67)                                               
[06/04/26 16:05:16] INFO     Animation 8 : Using cached    cairo_renderer.py:94
                             data (hash :                                      
                             1600912824_4175586468_2642436                     
                             419)                                              
                    INFO     Automatically converted   scene_file_writer.py:394
                             C:\Users\Coschool\manimat                         
                             ions\media\voiceovers\wri                         
                             ting-the-number-2-multipl                         
                             ied-by-itself-8-times-561                         
                             afbc3.mp3 to .wav                                 
                    WARNING  Font Poppins not in ['Agency   text_mobject.py:464
                             FB', 'Algerian', 'Arial',                         
                             'Arial Rounded MT',                               
                             'Bahnschrift', 'Baskerville                       
                             Old Face', 'Bauhaus 93', 'Bell                    
                             MT', 'Berlin Sans FB',                            
                             'Bernard MT', 'Blackadder                         
                             ITC', 'Bodoni MT', 'Bodoni MT                     
                             Poster', 'Book Antiqua',                          
                             'Bookman Old Style', 'Bradley                     
                             Hand ITC', 'Britannic',                           
                             'Broadway', 'Brush Script MT',                    
                             'Calibri', 'Californian FB',                      
                             'Calisto MT', 'Cambria',                          
                             'Cambria Math', 'Candara',                        
                             'Cascadia Code', 'Cascadia                        
                             Mono', 'Castellar', 'Centaur',                    
                             'Century', 'Century Gothic',                      
                             'Century Schoolbook',                             
                             'Chiller', 'Colonna MT',                          
                             'Comic Sans MS', 'Consolas',                      
                             'Constantia', 'Cooper',                           
                             'Copperplate Gothic',                             
                             'Corbel', 'Courier New',                          
                             'Curlz MT', 'Cursive',                            
                             'Dubai', 'Ebrima', 'Edwardian                     
                             Script ITC', 'Elephant',                          
                             'Engravers MT', 'Eras ITC',                       
                             'Fantasy', 'Felix Titling',                       
                             'Footlight MT', 'Forte',                          
                             'Franklin Gothic', 'Franklin                      
                             Gothic Book', 'Freestyle                          
                             Script', 'French Script MT',                      
                             'Gabriola', 'Gadugi',                             
                             'Garamond', 'Georgia', 'Gigi',                    
                             'Gill Sans', 'Gill Sans MT',                      
                             'Gloucester MT', 'Goudy Old                       
                             Style', 'Goudy Stout',                            
                             'Haettenschweiler', 'Harlow                       
                             Solid', 'Harrington', 'High                       
                             Tower Text', 'Impact',                            
                             'Imprint MT Shadow', 'Informal                    
                             Roman', 'Ink Free', 'Javanese                     
                             Text', 'Jokerman', 'Juice                         
                             ITC', 'Kristen ITC', 'Kunstler                    
                             Script', 'Leelawadee',                            
                             'Leelawadee UI', 'Lucida                          
                             Bright', 'Lucida Calligraphy',                    
                             'Lucida Console', 'Lucida                         
                             Fax', 'Lucida Handwriting',                       
                             'Lucida Sans', 'Lucida Sans                       
                             Typewriter', 'Lucida Sans                         
                             Unicode', 'MS Gothic', 'MS                        
                             PGothic', 'MS Reference Sans                      
                             Serif', 'MS UI Gothic', 'MV                       
                             Boli', 'Magneto', 'Maiandra                       
                             GD', 'Malgun Gothic', 'Matura                     
                             MT Script Capitals',                              
                             'Microsoft Himalaya',                             
                             'Microsoft JhengHei',                             
                             'Microsoft JhengHei UI',                          
                             'Microsoft New Tai Lue',                          
                             'Microsoft PhagsPa',                              
                             'Microsoft Sans Serif',                           
                             'Microsoft Tai Le', 'Microsoft                    
                             Uighur', 'Microsoft YaHei',                       
                             'Microsoft YaHei UI',                             
                             'Microsoft Yi Baiti',                             
                             'MingLiU-ExtB',                                   
                             'MingLiU_HKSCS-ExtB',                             
                             'MingLiU_MSCS-ExtB',                              
                             'Mistral', 'Modern No. 20',                       
                             'Mongolian Baiti',                                
                             'Monospace', 'Monotype                            
                             Corsiva', 'Myanmar Text',                         
                             'NSimSun', 'Niagara Engraved',                    
                             'Niagara Solid', 'Nirmala                         
                             Text', 'Nirmala UI', 'OCR A',                     
                             'Old English Text MT', 'Onyx',                    
                             'PMingLiU-ExtB', 'Palace                          
                             Script MT', 'Palatino                             
                             Linotype', 'Papyrus',                             
                             'Parchment', 'Perpetua',                          
                             'Perpetua Titling MT',                            
                             'Playbill', 'Poor Richard',                       
                             'Pristina', 'Rage', 'Ravie',                      
                             'Rockwell', 'Sans', 'Sans                         
                             Serif Collection',                                
                             'Sans-Serif', 'Script MT',                        
                             'Segoe Print', 'Segoe Script',                    
                             'Segoe UI', 'Segoe UI Emoji',                     
                             'Segoe UI Historic', 'Segoe UI                    
                             Symbol', 'Segoe UI Variable                       
                             Display', 'Segoe UI Variable                      
                             Small', 'Segoe UI Variable                        
                             Text', 'Serif', 'Showcard                         
                             Gothic', 'SimSun',                                
                             'SimSun-ExtB', 'SimSun-ExtG',                     
                             'Sitka Banner', 'Sitka                            
                             Display', 'Sitka Heading',                        
                             'Sitka Small', 'Sitka                             
                             Subheading', 'Sitka Text',                        
                             'Snap ITC', 'Stencil',                            
                             'Sylfaen', 'System-ui',                           
                             'Tahoma', 'Tempus Sans ITC',                      
                             'Times New Roman', 'Trebuchet                     
                             MS', 'Tw Cen MT', 'Verdana',                      
                             'Viner Hand ITC', 'Vivaldi',                      
                             'Vladimir Script', 'Wide                          
                             Latin', 'Yu Gothic', 'Yu                          
                             Gothic UI'].                                      
[06/04/26 16:05:17] INFO     Animation 9 : Using cached    cairo_renderer.py:94
                             data (hash :                                      
                             1600912824_4110830097_3504440                     
                             214)                                              
                    INFO     Animation 10 : Using cached   cairo_renderer.py:94
                             data (hash :                                      
                             1600912824_3394500337_8906088                     
                             30)                                               
                    INFO     Animation 11 : Using cached   cairo_renderer.py:94
                             data (hash :                                      
                             1600912824_1075071091_9553786                     
                             91)                                               
                    INFO     Animation 12 : Using cached   cairo_renderer.py:94
                             data (hash :                                      
                             1600912824_1875935531_3386243                     
                             438)                                              
[06/04/26 16:05:18] INFO     Animation 13 : Using cached   cairo_renderer.py:94
                             data (hash :                                      
                             1600912824_4217992463_1667028                     
                             482)                                              
                    INFO     Animation 14 : Using cached   cairo_renderer.py:94
                             data (hash :                                      
                             1600912824_3769917976_2403402                     
                             214)                                              
[06/04/26 16:05:19] INFO     Automatically converted   scene_file_writer.py:394
                             C:\Users\Coschool\manimat                         
                             ions\media\voiceovers\an-                         
                             exponent-tells-us-how-man                         
                             y-times-to-multiply-a-534                         
                             8ef86.mp3 to .wav                                 
                    WARNING  Font Poppins not in ['Agency   text_mobject.py:464
                             FB', 'Algerian', 'Arial',                         
                             'Arial Rounded MT',                               
                             'Bahnschrift', 'Baskerville                       
                             Old Face', 'Bauhaus 93', 'Bell                    
                             MT', 'Berlin Sans FB',                            
                             'Bernard MT', 'Blackadder                         
                             ITC', 'Bodoni MT', 'Bodoni MT                     
                             Poster', 'Book Antiqua',                          
                             'Bookman Old Style', 'Bradley                     
                             Hand ITC', 'Britannic',                           
                             'Broadway', 'Brush Script MT',                    
                             'Calibri', 'Californian FB',                      
                             'Calisto MT', 'Cambria',                          
                             'Cambria Math', 'Candara',                        
                             'Cascadia Code', 'Cascadia                        
                             Mono', 'Castellar', 'Centaur',                    
                             'Century', 'Century Gothic',                      
                             'Century Schoolbook',                             
                             'Chiller', 'Colonna MT',                          
                             'Comic Sans MS', 'Consolas',                      
                             'Constantia', 'Cooper',                           
                             'Copperplate Gothic',                             
                             'Corbel', 'Courier New',                          
                             'Curlz MT', 'Cursive',                            
                             'Dubai', 'Ebrima', 'Edwardian                     
                             Script ITC', 'Elephant',                          
                             'Engravers MT', 'Eras ITC',                       
                             'Fantasy', 'Felix Titling',                       
                             'Footlight MT', 'Forte',                          
                             'Franklin Gothic', 'Franklin                      
                             Gothic Book', 'Freestyle                          
                             Script', 'French Script MT',                      
                             'Gabriola', 'Gadugi',                             
                             'Garamond', 'Georgia', 'Gigi',                    
                             'Gill Sans', 'Gill Sans MT',                      
                             'Gloucester MT', 'Goudy Old                       
                             Style', 'Goudy Stout',                            
                             'Haettenschweiler', 'Harlow                       
                             Solid', 'Harrington', 'High                       
                             Tower Text', 'Impact',                            
                             'Imprint MT Shadow', 'Informal                    
                             Roman', 'Ink Free', 'Javanese                     
                             Text', 'Jokerman', 'Juice                         
                             ITC', 'Kristen ITC', 'Kunstler                    
                             Script', 'Leelawadee',                            
                             'Leelawadee UI', 'Lucida                          
                             Bright', 'Lucida Calligraphy',                    
                             'Lucida Console', 'Lucida                         
                             Fax', 'Lucida Handwriting',                       
                             'Lucida Sans', 'Lucida Sans                       
                             Typewriter', 'Lucida Sans                         
                             Unicode', 'MS Gothic', 'MS                        
                             PGothic', 'MS Reference Sans                      
                             Serif', 'MS UI Gothic', 'MV                       
                             Boli', 'Magneto', 'Maiandra                       
                             GD', 'Malgun Gothic', 'Matura                     
                             MT Script Capitals',                              
                             'Microsoft Himalaya',                             
                             'Microsoft JhengHei',                             
                             'Microsoft JhengHei UI',                          
                             'Microsoft New Tai Lue',                          
                             'Microsoft PhagsPa',                              
                             'Microsoft Sans Serif',                           
                             'Microsoft Tai Le', 'Microsoft                    
                             Uighur', 'Microsoft YaHei',                       
                             'Microsoft YaHei UI',                             
                             'Microsoft Yi Baiti',                             
                             'MingLiU-ExtB',                                   
                             'MingLiU_HKSCS-ExtB',                             
                             'MingLiU_MSCS-ExtB',                              
                             'Mistral', 'Modern No. 20',                       
                             'Mongolian Baiti',                                
                             'Monospace', 'Monotype                            
                             Corsiva', 'Myanmar Text',                         
                             'NSimSun', 'Niagara Engraved',                    
                             'Niagara Solid', 'Nirmala                         
                             Text', 'Nirmala UI', 'OCR A',                     
                             'Old English Text MT', 'Onyx',                    
                             'PMingLiU-ExtB', 'Palace                          
                             Script MT', 'Palatino                             
                             Linotype', 'Papyrus',                             
                             'Parchment', 'Perpetua',                          
                             'Perpetua Titling MT',                            
                             'Playbill', 'Poor Richard',                       
                             'Pristina', 'Rage', 'Ravie',                      
                             'Rockwell', 'Sans', 'Sans                         
                             Serif Collection',                                
                             'Sans-Serif', 'Script MT',                        
                             'Segoe Print', 'Segoe Script',                    
                             'Segoe UI', 'Segoe UI Emoji',                     
                             'Segoe UI Historic', 'Segoe UI                    
                             Symbol', 'Segoe UI Variable                       
                             Display', 'Segoe UI Variable                      
                             Small', 'Segoe UI Variable                        
                             Text', 'Serif', 'Showcard                         
                             Gothic', 'SimSun',                                
                             'SimSun-ExtB', 'SimSun-ExtG',                     
                             'Sitka Banner', 'Sitka                            
                             Display', 'Sitka Heading',                        
                             'Sitka Small', 'Sitka                             
                             Subheading', 'Sitka Text',                        
                             'Snap ITC', 'Stencil',                            
                             'Sylfaen', 'System-ui',                           
                             'Tahoma', 'Tempus Sans ITC',                      
                             'Times New Roman', 'Trebuchet                     
                             MS', 'Tw Cen MT', 'Verdana',                      
                             'Viner Hand ITC', 'Vivaldi',                      
                             'Vladimir Script', 'Wide                          
                             Latin', 'Yu Gothic', 'Yu                          
                             Gothic UI'].                                      
                    INFO     Animation 15 : Using cached   cairo_renderer.py:94
                             data (hash :                                      
                             1600912824_1251304281_1546559                     
                             13)                                               
                    INFO     Animation 16 : Using cached   cairo_renderer.py:94
                             data (hash :                                      
                             1600912824_619097606_19293386                     
                             77)                                               
[06/04/26 16:05:20] INFO     Animation 17 : Using cached   cairo_renderer.py:94
                             data (hash :                                      
                             1600912824_268283573_38245936                     
                             50)                                               
                    INFO     Animation 18 : Using cached   cairo_renderer.py:94
                             data (hash :                                      
                             1600912824_665078047_19275983                     
                             02)                                               
[06/04/26 16:05:21] INFO     Animation 19 : Using cached   cairo_renderer.py:94
                             data (hash :                                      
                             1600912824_1196979586_1927598                     
                             302)                                              
                    INFO     Animation 20 : Using cached   cairo_renderer.py:94
                             data (hash :                                      
                             1600912824_665078047_19275983                     
                             02)                                               
[06/04/26 16:05:22] INFO     Animation 21 : Using cached   cairo_renderer.py:94
                             data (hash :                                      
                             1600912824_1196979586_1927598                     
                             302)                                              
                    INFO     Animation 22 : Using cached   cairo_renderer.py:94
                             data (hash :                                      
                             1600912824_665078047_19275983                     
                             02)                                               
                    INFO     Animation 23 : Using cached   cairo_renderer.py:94
                             data (hash :                                      
                             1600912824_1196979586_1927598                     
                             302)                                              
[06/04/26 16:05:23] INFO     Animation 24 : Using cached   cairo_renderer.py:94
                             data (hash :                                      
                             1600912824_3394500337_2986888                     
                             126)                                              
[06/04/26 16:05:24] INFO     Animation 25 : Partial    scene_file_writer.py:601
                             movie file written in                             
                             'C:\Users\Coschool\manima                         
                             tions\media\videos\script                         
                             _3__cc_01_laws_of_ex_pac0                         
                             \720p30\partial_movie_fil                         
                             es\Script3Cc01LawsOfExpon                         
                             entsForRealNumbersScene\1                         
                             600912824_2349948372_4159                         
                             303033.mp4'                                       
                    INFO     Automatically converted   scene_file_writer.py:394
                             C:\Users\Coschool\manimat                         
                             ions\media\voiceovers\the                         
                             -base-is-the-number-being                         
                             -multiplied-break-time-85                         
                             83f030.mp3 to .wav                                
                    WARNING  Font Poppins not in ['Agency   text_mobject.py:464
                             FB', 'Algerian', 'Arial',                         
                             'Arial Rounded MT',                               
                             'Bahnschrift', 'Baskerville                       
                             Old Face', 'Bauhaus 93', 'Bell                    
                             MT', 'Berlin Sans FB',                            
                             'Bernard MT', 'Blackadder                         
                             ITC', 'Bodoni MT', 'Bodoni MT                     
                             Poster', 'Book Antiqua',                          
                             'Bookman Old Style', 'Bradley                     
                             Hand ITC', 'Britannic',                           
                             'Broadway', 'Brush Script MT',                    
                             'Calibri', 'Californian FB',                      
                             'Calisto MT', 'Cambria',                          
                             'Cambria Math', 'Candara',                        
                             'Cascadia Code', 'Cascadia                        
                             Mono', 'Castellar', 'Centaur',                    
                             'Century', 'Century Gothic',                      
                             'Century Schoolbook',                             
                             'Chiller', 'Colonna MT',                          
                             'Comic Sans MS', 'Consolas',                      
                             'Constantia', 'Cooper',                           
                             'Copperplate Gothic',                             
                             'Corbel', 'Courier New',                          
                             'Curlz MT', 'Cursive',                            
                             'Dubai', 'Ebrima', 'Edwardian                     
                             Script ITC', 'Elephant',                          
                             'Engravers MT', 'Eras ITC',                       
                             'Fantasy', 'Felix Titling',                       
                             'Footlight MT', 'Forte',                          
                             'Franklin Gothic', 'Franklin                      
                             Gothic Book', 'Freestyle                          
                             Script', 'French Script MT',                      
                             'Gabriola', 'Gadugi',                             
                             'Garamond', 'Georgia', 'Gigi',                    
                             'Gill Sans', 'Gill Sans MT',                      
                             'Gloucester MT', 'Goudy Old                       
                             Style', 'Goudy Stout',                            
                             'Haettenschweiler', 'Harlow                       
                             Solid', 'Harrington', 'High                       
                             Tower Text', 'Impact',                            
                             'Imprint MT Shadow', 'Informal                    
                             Roman', 'Ink Free', 'Javanese                     
                             Text', 'Jokerman', 'Juice                         
                             ITC', 'Kristen ITC', 'Kunstler                    
                             Script', 'Leelawadee',                            
                             'Leelawadee UI', 'Lucida                          
                             Bright', 'Lucida Calligraphy',                    
                             'Lucida Console', 'Lucida                         
                             Fax', 'Lucida Handwriting',                       
                             'Lucida Sans', 'Lucida Sans                       
                             Typewriter', 'Lucida Sans                         
                             Unicode', 'MS Gothic', 'MS                        
                             PGothic', 'MS Reference Sans                      
                             Serif', 'MS UI Gothic', 'MV                       
                             Boli', 'Magneto', 'Maiandra                       
                             GD', 'Malgun Gothic', 'Matura                     
                             MT Script Capitals',                              
                             'Microsoft Himalaya',                             
                             'Microsoft JhengHei',                             
                             'Microsoft JhengHei UI',                          
                             'Microsoft New Tai Lue',                          
                             'Microsoft PhagsPa',                              
                             'Microsoft Sans Serif',                           
                             'Microsoft Tai Le', 'Microsoft                    
                             Uighur', 'Microsoft YaHei',                       
                             'Microsoft YaHei UI',                             
                             'Microsoft Yi Baiti',                             
                             'MingLiU-ExtB',                                   
                             'MingLiU_HKSCS-ExtB',                             
                             'MingLiU_MSCS-ExtB',                              
                             'Mistral', 'Modern No. 20',                       
                             'Mongolian Baiti',                                
                             'Monospace', 'Monotype                            
                             Corsiva', 'Myanmar Text',                         
                             'NSimSun', 'Niagara Engraved',                    
                             'Niagara Solid', 'Nirmala                         
                             Text', 'Nirmala UI', 'OCR A',                     
                             'Old English Text MT', 'Onyx',                    
                             'PMingLiU-ExtB', 'Palace                          
                             Script MT', 'Palatino                             
                             Linotype', 'Papyrus',                             
                             'Parchment', 'Perpetua',                          
                             'Perpetua Titling MT',                            
                             'Playbill', 'Poor Richard',                       
                             'Pristina', 'Rage', 'Ravie',                      
                             'Rockwell', 'Sans', 'Sans                         
                             Serif Collection',                                
                             'Sans-Serif', 'Script MT',                        
                             'Segoe Print', 'Segoe Script',                    
                             'Segoe UI', 'Segoe UI Emoji',                     
                             'Segoe UI Historic', 'Segoe UI                    
                             Symbol', 'Segoe UI Variable                       
                             Display', 'Segoe UI Variable                      
                             Small', 'Segoe UI Variable                        
                             Text', 'Serif', 'Showcard                         
                             Gothic', 'SimSun',                                
                             'SimSun-ExtB', 'SimSun-ExtG',                     
                             'Sitka Banner', 'Sitka                            
                             Display', 'Sitka Heading',                        
                             'Sitka Small', 'Sitka                             
                             Subheading', 'Sitka Text',                        
                             'Snap ITC', 'Stencil',                            
                             'Sylfaen', 'System-ui',                           
                             'Tahoma', 'Tempus Sans ITC',                      
                             'Times New Roman', 'Trebuchet                     
                             MS', 'Tw Cen MT', 'Verdana',                      
                             'Viner Hand ITC', 'Vivaldi',                      
                             'Vladimir Script', 'Wide                          
                             Latin', 'Yu Gothic', 'Yu                          
                             Gothic UI'].                                      
[06/04/26 16:05:25] INFO     Animation 26 : Using cached   cairo_renderer.py:94
                             data (hash :                                      
                             1600912824_2251585074_4285422                     
                             842)                                              
                    INFO     Animation 27 : Using cached   cairo_renderer.py:94
                             data (hash :                                      
                             1600912824_3776116507_1612934                     
                             633)                                              
[06/04/26 16:05:26] INFO     Animation 28 : Using cached   cairo_renderer.py:94
                             data (hash :                                      
                             1600912824_2123522574_6036075                     
                             03)                                               
                    INFO     Animation 29 : Using cached   cairo_renderer.py:94
                             data (hash :                                      
                             1600912824_618302859_39640669                     
                             17)                                               
[06/04/26 16:05:27] INFO     Animation 30 : Using cached   cairo_renderer.py:94
                             data (hash :                                      
                             1600912824_753110507_39640669                     
                             17)                                               
                    INFO     Animation 31 : Using cached   cairo_renderer.py:94
                             data (hash :                                      
                             1600912824_3394500337_1792291                     
                             84)                                               
                    INFO     Animation 32 : Partial    scene_file_writer.py:601
                             movie file written in                             
                             'C:\Users\Coschool\manima                         
                             tions\media\videos\script                         
                             _3__cc_01_laws_of_ex_pac0                         
                             \720p30\partial_movie_fil                         
                             es\Script3Cc01LawsOfExpon                         
                             entsForRealNumbersScene\1                         
                             600912824_159451480_37037                         
                             30838.mp4'                                        
[06/04/26 16:05:28] INFO     Automatically converted   scene_file_writer.py:394
                             C:\Users\Coschool\manimat                         
                             ions\media\voiceovers\the                         
                             -power-is-the-entire-expr                         
                             ession-combining-base-d08                         
                             7c0dc.mp3 to .wav                                 
                    WARNING  Font Poppins not in ['Agency   text_mobject.py:464
                             FB', 'Algerian', 'Arial',                         
                             'Arial Rounded MT',                               
                             'Bahnschrift', 'Baskerville                       
                             Old Face', 'Bauhaus 93', 'Bell                    
                             MT', 'Berlin Sans FB',                            
                             'Bernard MT', 'Blackadder                         
                             ITC', 'Bodoni MT', 'Bodoni MT                     
                             Poster', 'Book Antiqua',                          
                             'Bookman Old Style', 'Bradley                     
                             Hand ITC', 'Britannic',                           
                             'Broadway', 'Brush Script MT',                    
                             'Calibri', 'Californian FB',                      
                             'Calisto MT', 'Cambria',                          
                             'Cambria Math', 'Candara',                        
                             'Cascadia Code', 'Cascadia                        
                             Mono', 'Castellar', 'Centaur',                    
                             'Century', 'Century Gothic',                      
                             'Century Schoolbook',                             
                             'Chiller', 'Colonna MT',                          
                             'Comic Sans MS', 'Consolas',                      
                             'Constantia', 'Cooper',                           
                             'Copperplate Gothic',                             
                             'Corbel', 'Courier New',                          
                             'Curlz MT', 'Cursive',                            
                             'Dubai', 'Ebrima', 'Edwardian                     
                             Script ITC', 'Elephant',                          
                             'Engravers MT', 'Eras ITC',                       
                             'Fantasy', 'Felix Titling',                       
                             'Footlight MT', 'Forte',                          
                             'Franklin Gothic', 'Franklin                      
                             Gothic Book', 'Freestyle                          
                             Script', 'French Script MT',                      
                             'Gabriola', 'Gadugi',                             
                             'Garamond', 'Georgia', 'Gigi',                    
                             'Gill Sans', 'Gill Sans MT',                      
                             'Gloucester MT', 'Goudy Old                       
                             Style', 'Goudy Stout',                            
                             'Haettenschweiler', 'Harlow                       
                             Solid', 'Harrington', 'High                       
                             Tower Text', 'Impact',                            
                             'Imprint MT Shadow', 'Informal                    
                             Roman', 'Ink Free', 'Javanese                     
                             Text', 'Jokerman', 'Juice                         
                             ITC', 'Kristen ITC', 'Kunstler                    
                             Script', 'Leelawadee',                            
                             'Leelawadee UI', 'Lucida                          
                             Bright', 'Lucida Calligraphy',                    
                             'Lucida Console', 'Lucida                         
                             Fax', 'Lucida Handwriting',                       
                             'Lucida Sans', 'Lucida Sans                       
                             Typewriter', 'Lucida Sans                         
                             Unicode', 'MS Gothic', 'MS                        
                             PGothic', 'MS Reference Sans                      
                             Serif', 'MS UI Gothic', 'MV                       
                             Boli', 'Magneto', 'Maiandra                       
                             GD', 'Malgun Gothic', 'Matura                     
                             MT Script Capitals',                              
                             'Microsoft Himalaya',                             
                             'Microsoft JhengHei',                             
                             'Microsoft JhengHei UI',                          
                             'Microsoft New Tai Lue',                          
                             'Microsoft PhagsPa',                              
                             'Microsoft Sans Serif',                           
                             'Microsoft Tai Le', 'Microsoft                    
                             Uighur', 'Microsoft YaHei',                       
                             'Microsoft YaHei UI',                             
                             'Microsoft Yi Baiti',                             
                             'MingLiU-ExtB',                                   
                             'MingLiU_HKSCS-ExtB',                             
                             'MingLiU_MSCS-ExtB',                              
                             'Mistral', 'Modern No. 20',                       
                             'Mongolian Baiti',                                
                             'Monospace', 'Monotype                            
                             Corsiva', 'Myanmar Text',                         
                             'NSimSun', 'Niagara Engraved',                    
                             'Niagara Solid', 'Nirmala                         
                             Text', 'Nirmala UI', 'OCR A',                     
                             'Old English Text MT', 'Onyx',                    
                             'PMingLiU-ExtB', 'Palace                          
                             Script MT', 'Palatino                             
                             Linotype', 'Papyrus',                             
                             'Parchment', 'Perpetua',                          
                             'Perpetua Titling MT',                            
                             'Playbill', 'Poor Richard',                       
                             'Pristina', 'Rage', 'Ravie',                      
                             'Rockwell', 'Sans', 'Sans                         
                             Serif Collection',                                
                             'Sans-Serif', 'Script MT',                        
                             'Segoe Print', 'Segoe Script',                    
                             'Segoe UI', 'Segoe UI Emoji',                     
                             'Segoe UI Historic', 'Segoe UI                    
                             Symbol', 'Segoe UI Variable                       
                             Display', 'Segoe UI Variable                      
                             Small', 'Segoe UI Variable                        
                             Text', 'Serif', 'Showcard                         
                             Gothic', 'SimSun',                                
                             'SimSun-ExtB', 'SimSun-ExtG',                     
                             'Sitka Banner', 'Sitka                            
                             Display', 'Sitka Heading',                        
                             'Sitka Small', 'Sitka                             
                             Subheading', 'Sitka Text',                        
                             'Snap ITC', 'Stencil',                            
                             'Sylfaen', 'System-ui',                           
                             'Tahoma', 'Tempus Sans ITC',                      
                             'Times New Roman', 'Trebuchet                     
                             MS', 'Tw Cen MT', 'Verdana',                      
                             'Viner Hand ITC', 'Vivaldi',                      
                             'Vladimir Script', 'Wide                          
                             Latin', 'Yu Gothic', 'Yu                          
                             Gothic UI'].                                      
                    INFO     Animation 33 : Using cached   cairo_renderer.py:94
                             data (hash :                                      
                             1600912824_3782470645_6902040                     
                             35)                                               
[06/04/26 16:05:29] INFO     Animation 34 : Using cached   cairo_renderer.py:94
                             data (hash :                                      
                             1600912824_1202268550_3801848                     
                             802)                                              
                    INFO     Animation 35 : Using cached   cairo_renderer.py:94
                             data (hash :                                      
                             1600912824_2058611885_3214807                     
                             461)                                              
                    INFO     Animation 36 : Using cached   cairo_renderer.py:94
                             data (hash :                                      
                             1600912824_2341806825_4151795                     
                             232)                                              
[06/04/26 16:05:30] INFO     Animation 37 : Using cached   cairo_renderer.py:94
                             data (hash :                                      
                             1600912824_3394500337_2678698                     
                             702)                                              
                    INFO     Animation 38 : Partial    scene_file_writer.py:601
                             movie file written in                             
                             'C:\Users\Coschool\manima                         
                             tions\media\videos\script                         
                             _3__cc_01_laws_of_ex_pac0                         
                             \720p30\partial_movie_fil                         
                             es\Script3Cc01LawsOfExpon                         
                             entsForRealNumbersScene\1                         
                             600912824_2035504612_2524                         
                             430355.mp4'                                       
[06/04/26 16:05:31] INFO     Automatically converted   scene_file_writer.py:394
                             C:\Users\Coschool\manimat                         
                             ions\media\voiceovers\for                         
                             -example-in-2-to-the-powe                         
                             r-of-3-break-time-0-3s-10                         
                             85ecdb.mp3 to .wav                                
                    INFO     Animation 39 : Using cached   cairo_renderer.py:94
                             data (hash :                                      
                             1600912824_4180835057_1132700                     
                             614)                                              
                    WARNING  Font Poppins not in ['Agency   text_mobject.py:464
                             FB', 'Algerian', 'Arial',                         
                             'Arial Rounded MT',                               
                             'Bahnschrift', 'Baskerville                       
                             Old Face', 'Bauhaus 93', 'Bell                    
                             MT', 'Berlin Sans FB',                            
                             'Bernard MT', 'Blackadder                         
                             ITC', 'Bodoni MT', 'Bodoni MT                     
                             Poster', 'Book Antiqua',                          
                             'Bookman Old Style', 'Bradley                     
                             Hand ITC', 'Britannic',                           
                             'Broadway', 'Brush Script MT',                    
                             'Calibri', 'Californian FB',                      
                             'Calisto MT', 'Cambria',                          
                             'Cambria Math', 'Candara',                        
                             'Cascadia Code', 'Cascadia                        
                             Mono', 'Castellar', 'Centaur',                    
                             'Century', 'Century Gothic',                      
                             'Century Schoolbook',                             
                             'Chiller', 'Colonna MT',                          
                             'Comic Sans MS', 'Consolas',                      
                             'Constantia', 'Cooper',                           
                             'Copperplate Gothic',                             
                             'Corbel', 'Courier New',                          
                             'Curlz MT', 'Cursive',                            
                             'Dubai', 'Ebrima', 'Edwardian                     
                             Script ITC', 'Elephant',                          
                             'Engravers MT', 'Eras ITC',                       
                             'Fantasy', 'Felix Titling',                       
                             'Footlight MT', 'Forte',                          
                             'Franklin Gothic', 'Franklin                      
                             Gothic Book', 'Freestyle                          
                             Script', 'French Script MT',                      
                             'Gabriola', 'Gadugi',                             
                             'Garamond', 'Georgia', 'Gigi',                    
                             'Gill Sans', 'Gill Sans MT',                      
                             'Gloucester MT', 'Goudy Old                       
                             Style', 'Goudy Stout',                            
                             'Haettenschweiler', 'Harlow                       
                             Solid', 'Harrington', 'High                       
                             Tower Text', 'Impact',                            
                             'Imprint MT Shadow', 'Informal                    
                             Roman', 'Ink Free', 'Javanese                     
                             Text', 'Jokerman', 'Juice                         
                             ITC', 'Kristen ITC', 'Kunstler                    
                             Script', 'Leelawadee',                            
                             'Leelawadee UI', 'Lucida                          
                             Bright', 'Lucida Calligraphy',                    
                             'Lucida Console', 'Lucida                         
                             Fax', 'Lucida Handwriting',                       
                             'Lucida Sans', 'Lucida Sans                       
                             Typewriter', 'Lucida Sans                         
                             Unicode', 'MS Gothic', 'MS                        
                             PGothic', 'MS Reference Sans                      
                             Serif', 'MS UI Gothic', 'MV                       
                             Boli', 'Magneto', 'Maiandra                       
                             GD', 'Malgun Gothic', 'Matura                     
                             MT Script Capitals',                              
                             'Microsoft Himalaya',                             
                             'Microsoft JhengHei',                             
                             'Microsoft JhengHei UI',                          
                             'Microsoft New Tai Lue',                          
                             'Microsoft PhagsPa',                              
                             'Microsoft Sans Serif',                           
                             'Microsoft Tai Le', 'Microsoft                    
                             Uighur', 'Microsoft YaHei',                       
                             'Microsoft YaHei UI',                             
                             'Microsoft Yi Baiti',                             
                             'MingLiU-ExtB',                                   
                             'MingLiU_HKSCS-ExtB',                             
                             'MingLiU_MSCS-ExtB',                              
                             'Mistral', 'Modern No. 20',                       
                             'Mongolian Baiti',                                
                             'Monospace', 'Monotype                            
                             Corsiva', 'Myanmar Text',                         
                             'NSimSun', 'Niagara Engraved',                    
                             'Niagara Solid', 'Nirmala                         
                             Text', 'Nirmala UI', 'OCR A',                     
                             'Old English Text MT', 'Onyx',                    
                             'PMingLiU-ExtB', 'Palace                          
                             Script MT', 'Palatino                             
                             Linotype', 'Papyrus',                             
                             'Parchment', 'Perpetua',                          
                             'Perpetua Titling MT',                            
                             'Playbill', 'Poor Richard',                       
                             'Pristina', 'Rage', 'Ravie',                      
                             'Rockwell', 'Sans', 'Sans                         
                             Serif Collection',                                
                             'Sans-Serif', 'Script MT',                        
                             'Segoe Print', 'Segoe Script',                    
                             'Segoe UI', 'Segoe UI Emoji',                     
                             'Segoe UI Historic', 'Segoe UI                    
                             Symbol', 'Segoe UI Variable                       
                             Display', 'Segoe UI Variable                      
                             Small', 'Segoe UI Variable                        
                             Text', 'Serif', 'Showcard                         
                             Gothic', 'SimSun',                                
                             'SimSun-ExtB', 'SimSun-ExtG',                     
                             'Sitka Banner', 'Sitka                            
                             Display', 'Sitka Heading',                        
                             'Sitka Small', 'Sitka                             
                             Subheading', 'Sitka Text',                        
                             'Snap ITC', 'Stencil',                            
                             'Sylfaen', 'System-ui',                           
                             'Tahoma', 'Tempus Sans ITC',                      
                             'Times New Roman', 'Trebuchet                     
                             MS', 'Tw Cen MT', 'Verdana',                      
                             'Viner Hand ITC', 'Vivaldi',                      
                             'Vladimir Script', 'Wide                          
                             Latin', 'Yu Gothic', 'Yu                          
                             Gothic UI'].                                      
                    WARNING  Font Poppins not in ['Agency   text_mobject.py:464
                             FB', 'Algerian', 'Arial',                         
                             'Arial Rounded MT',                               
                             'Bahnschrift', 'Baskerville                       
                             Old Face', 'Bauhaus 93', 'Bell                    
                             MT', 'Berlin Sans FB',                            
                             'Bernard MT', 'Blackadder                         
                             ITC', 'Bodoni MT', 'Bodoni MT                     
                             Poster', 'Book Antiqua',                          
                             'Bookman Old Style', 'Bradley                     
                             Hand ITC', 'Britannic',                           
                             'Broadway', 'Brush Script MT',                    
                             'Calibri', 'Californian FB',                      
                             'Calisto MT', 'Cambria',                          
                             'Cambria Math', 'Candara',                        
                             'Cascadia Code', 'Cascadia                        
                             Mono', 'Castellar', 'Centaur',                    
                             'Century', 'Century Gothic',                      
                             'Century Schoolbook',                             
                             'Chiller', 'Colonna MT',                          
                             'Comic Sans MS', 'Consolas',                      
                             'Constantia', 'Cooper',                           
                             'Copperplate Gothic',                             
                             'Corbel', 'Courier New',                          
                             'Curlz MT', 'Cursive',                            
                             'Dubai', 'Ebrima', 'Edwardian                     
                             Script ITC', 'Elephant',                          
                             'Engravers MT', 'Eras ITC',                       
                             'Fantasy', 'Felix Titling',                       
                             'Footlight MT', 'Forte',                          
                             'Franklin Gothic', 'Franklin                      
                             Gothic Book', 'Freestyle                          
                             Script', 'French Script MT',                      
                             'Gabriola', 'Gadugi',                             
                             'Garamond', 'Georgia', 'Gigi',                    
                             'Gill Sans', 'Gill Sans MT',                      
                             'Gloucester MT', 'Goudy Old                       
                             Style', 'Goudy Stout',                            
                             'Haettenschweiler', 'Harlow                       
                             Solid', 'Harrington', 'High                       
                             Tower Text', 'Impact',                            
                             'Imprint MT Shadow', 'Informal                    
                             Roman', 'Ink Free', 'Javanese                     
                             Text', 'Jokerman', 'Juice                         
                             ITC', 'Kristen ITC', 'Kunstler                    
                             Script', 'Leelawadee',                            
                             'Leelawadee UI', 'Lucida                          
                             Bright', 'Lucida Calligraphy',                    
                             'Lucida Console', 'Lucida                         
                             Fax', 'Lucida Handwriting',                       
                             'Lucida Sans', 'Lucida Sans                       
                             Typewriter', 'Lucida Sans                         
                             Unicode', 'MS Gothic', 'MS                        
                             PGothic', 'MS Reference Sans                      
                             Serif', 'MS UI Gothic', 'MV                       
                             Boli', 'Magneto', 'Maiandra                       
                             GD', 'Malgun Gothic', 'Matura                     
                             MT Script Capitals',                              
                             'Microsoft Himalaya',                             
                             'Microsoft JhengHei',                             
                             'Microsoft JhengHei UI',                          
                             'Microsoft New Tai Lue',                          
                             'Microsoft PhagsPa',                              
                             'Microsoft Sans Serif',                           
                             'Microsoft Tai Le', 'Microsoft                    
                             Uighur', 'Microsoft YaHei',                       
                             'Microsoft YaHei UI',                             
                             'Microsoft Yi Baiti',                             
                             'MingLiU-ExtB',                                   
                             'MingLiU_HKSCS-ExtB',                             
                             'MingLiU_MSCS-ExtB',                              
                             'Mistral', 'Modern No. 20',                       
                             'Mongolian Baiti',                                
                             'Monospace', 'Monotype                            
                             Corsiva', 'Myanmar Text',                         
                             'NSimSun', 'Niagara Engraved',                    
                             'Niagara Solid', 'Nirmala                         
                             Text', 'Nirmala UI', 'OCR A',                     
                             'Old English Text MT', 'Onyx',                    
                             'PMingLiU-ExtB', 'Palace                          
                             Script MT', 'Palatino                             
                             Linotype', 'Papyrus',                             
                             'Parchment', 'Perpetua',                          
                             'Perpetua Titling MT',                            
                             'Playbill', 'Poor Richard',                       
                             'Pristina', 'Rage', 'Ravie',                      
                             'Rockwell', 'Sans', 'Sans                         
                             Serif Collection',                                
                             'Sans-Serif', 'Script MT',                        
                             'Segoe Print', 'Segoe Script',                    
                             'Segoe UI', 'Segoe UI Emoji',                     
                             'Segoe UI Historic', 'Segoe UI                    
                             Symbol', 'Segoe UI Variable                       
                             Display', 'Segoe UI Variable                      
                             Small', 'Segoe UI Variable                        
                             Text', 'Serif', 'Showcard                         
                             Gothic', 'SimSun',                                
                             'SimSun-ExtB', 'SimSun-ExtG',                     
                             'Sitka Banner', 'Sitka                            
                             Display', 'Sitka Heading',                        
                             'Sitka Small', 'Sitka                             
                             Subheading', 'Sitka Text',                        
                             'Snap ITC', 'Stencil',                            
                             'Sylfaen', 'System-ui',                           
                             'Tahoma', 'Tempus Sans ITC',                      
                             'Times New Roman', 'Trebuchet                     
                             MS', 'Tw Cen MT', 'Verdana',                      
                             'Viner Hand ITC', 'Vivaldi',                      
                             'Vladimir Script', 'Wide                          
                             Latin', 'Yu Gothic', 'Yu                          
                             Gothic UI'].                                      
                    INFO     Animation 40 : Using cached   cairo_renderer.py:94
                             data (hash :                                      
                             1600912824_1845167258_9496733                     
                             67)                                               
[06/04/26 16:05:32] INFO     Animation 41 : Using cached   cairo_renderer.py:94
                             data (hash :                                      
                             1600912824_2318836581_3122344                     
                             732)                                              
                    INFO     Animation 42 : Using cached   cairo_renderer.py:94
                             data (hash :                                      
                             1600912824_1679906794_2302311                     
                             781)                                              
                    INFO     Animation 43 : Using cached   cairo_renderer.py:94
                             data (hash :                                      
                             1600912824_3394500337_2168747                     
                             17)                                               
                    INFO     Animation 44 : Using cached   cairo_renderer.py:94
                             data (hash :                                      
                             1600912824_3107269046_2424269                     
                             178)                                              
                    WARNING  Font Poppins not in ['Agency   text_mobject.py:464
                             FB', 'Algerian', 'Arial',                         
                             'Arial Rounded MT',                               
                             'Bahnschrift', 'Baskerville                       
                             Old Face', 'Bauhaus 93', 'Bell                    
                             MT', 'Berlin Sans FB',                            
                             'Bernard MT', 'Blackadder                         
                             ITC', 'Bodoni MT', 'Bodoni MT                     
                             Poster', 'Book Antiqua',                          
                             'Bookman Old Style', 'Bradley                     
                             Hand ITC', 'Britannic',                           
                             'Broadway', 'Brush Script MT',                    
                             'Calibri', 'Californian FB',                      
                             'Calisto MT', 'Cambria',                          
                             'Cambria Math', 'Candara',                        
                             'Cascadia Code', 'Cascadia                        
                             Mono', 'Castellar', 'Centaur',                    
                             'Century', 'Century Gothic',                      
                             'Century Schoolbook',                             
                             'Chiller', 'Colonna MT',                          
                             'Comic Sans MS', 'Consolas',                      
                             'Constantia', 'Cooper',                           
                             'Copperplate Gothic',                             
                             'Corbel', 'Courier New',                          
                             'Curlz MT', 'Cursive',                            
                             'Dubai', 'Ebrima', 'Edwardian                     
                             Script ITC', 'Elephant',                          
                             'Engravers MT', 'Eras ITC',                       
                             'Fantasy', 'Felix Titling',                       
                             'Footlight MT', 'Forte',                          
                             'Franklin Gothic', 'Franklin                      
                             Gothic Book', 'Freestyle                          
                             Script', 'French Script MT',                      
                             'Gabriola', 'Gadugi',                             
                             'Garamond', 'Georgia', 'Gigi',                    
                             'Gill Sans', 'Gill Sans MT',                      
                             'Gloucester MT', 'Goudy Old                       
                             Style', 'Goudy Stout',                            
                             'Haettenschweiler', 'Harlow                       
                             Solid', 'Harrington', 'High                       
                             Tower Text', 'Impact',                            
                             'Imprint MT Shadow', 'Informal                    
                             Roman', 'Ink Free', 'Javanese                     
                             Text', 'Jokerman', 'Juice                         
                             ITC', 'Kristen ITC', 'Kunstler                    
                             Script', 'Leelawadee',                            
                             'Leelawadee UI', 'Lucida                          
                             Bright', 'Lucida Calligraphy',                    
                             'Lucida Console', 'Lucida                         
                             Fax', 'Lucida Handwriting',                       
                             'Lucida Sans', 'Lucida Sans                       
                             Typewriter', 'Lucida Sans                         
                             Unicode', 'MS Gothic', 'MS                        
                             PGothic', 'MS Reference Sans                      
                             Serif', 'MS UI Gothic', 'MV                       
                             Boli', 'Magneto', 'Maiandra                       
                             GD', 'Malgun Gothic', 'Matura                     
                             MT Script Capitals',                              
                             'Microsoft Himalaya',                             
                             'Microsoft JhengHei',                             
                             'Microsoft JhengHei UI',                          
                             'Microsoft New Tai Lue',                          
                             'Microsoft PhagsPa',                              
                             'Microsoft Sans Serif',                           
                             'Microsoft Tai Le', 'Microsoft                    
                             Uighur', 'Microsoft YaHei',                       
                             'Microsoft YaHei UI',                             
                             'Microsoft Yi Baiti',                             
                             'MingLiU-ExtB',                                   
                             'MingLiU_HKSCS-ExtB',                             
                             'MingLiU_MSCS-ExtB',                              
                             'Mistral', 'Modern No. 20',                       
                             'Mongolian Baiti',                                
                             'Monospace', 'Monotype                            
                             Corsiva', 'Myanmar Text',                         
                             'NSimSun', 'Niagara Engraved',                    
                             'Niagara Solid', 'Nirmala                         
                             Text', 'Nirmala UI', 'OCR A',                     
                             'Old English Text MT', 'Onyx',                    
                             'PMingLiU-ExtB', 'Palace                          
                             Script MT', 'Palatino                             
                             Linotype', 'Papyrus',                             
                             'Parchment', 'Perpetua',                          
                             'Perpetua Titling MT',                            
                             'Playbill', 'Poor Richard',                       
                             'Pristina', 'Rage', 'Ravie',                      
                             'Rockwell', 'Sans', 'Sans                         
                             Serif Collection',                                
                             'Sans-Serif', 'Script MT',                        
                             'Segoe Print', 'Segoe Script',                    
                             'Segoe UI', 'Segoe UI Emoji',                     
                             'Segoe UI Historic', 'Segoe UI                    
                             Symbol', 'Segoe UI Variable                       
                             Display', 'Segoe UI Variable                      
                             Small', 'Segoe UI Variable                        
                             Text', 'Serif', 'Showcard                         
                             Gothic', 'SimSun',                                
                             'SimSun-ExtB', 'SimSun-ExtG',                     
                             'Sitka Banner', 'Sitka                            
                             Display', 'Sitka Heading',                        
                             'Sitka Small', 'Sitka                             
                             Subheading', 'Sitka Text',                        
                             'Snap ITC', 'Stencil',                            
                             'Sylfaen', 'System-ui',                           
                             'Tahoma', 'Tempus Sans ITC',                      
                             'Times New Roman', 'Trebuchet                     
                             MS', 'Tw Cen MT', 'Verdana',                      
                             'Viner Hand ITC', 'Vivaldi',                      
                             'Vladimir Script', 'Wide                          
                             Latin', 'Yu Gothic', 'Yu                          
                             Gothic UI'].                                      
[06/04/26 16:05:33] INFO     Animation 45 : Using cached   cairo_renderer.py:94
                             data (hash :                                      
                             1600912824_2045279469_3459249                     
                             222)                                              
                    INFO     Animation 46 : Using cached   cairo_renderer.py:94
                             data (hash :                                      
                             1600912824_4217992463_1482825                     
                             901)                                              
                    INFO     Animation 47 : Using cached   cairo_renderer.py:94
                             data (hash :                                      
                             1600912824_153724499_81031761                     
                             6)                                                
[06/04/26 16:05:35] INFO     Animation 48 : Partial    scene_file_writer.py:601
                             movie file written in                             
                             'C:\Users\Coschool\manima                         
                             tions\media\videos\script                         
                             _3__cc_01_laws_of_ex_pac0                         
                             \720p30\partial_movie_fil                         
                             es\Script3Cc01LawsOfExpon                         
                             entsForRealNumbersScene\1                         
                             600912824_1508464674_8619                         
                             55386.mp4'                                        
                    INFO     Automatically converted   scene_file_writer.py:394
                             C:\Users\Coschool\manimat                         
                             ions\media\voiceovers\now                         
                             -laws-of-exponents-help-u                         
                             s-simplify-11f7cc67.mp3                           
                             to .wav                                           
                    INFO     Animation 49 : Using cached   cairo_renderer.py:94
                             data (hash :                                      
                             1600912824_3734449815_2290873                     
                             885)                                              
                    WARNING  Font Poppins not in ['Agency   text_mobject.py:464
                             FB', 'Algerian', 'Arial',                         
                             'Arial Rounded MT',                               
                             'Bahnschrift', 'Baskerville                       
                             Old Face', 'Bauhaus 93', 'Bell                    
                             MT', 'Berlin Sans FB',                            
                             'Bernard MT', 'Blackadder                         
                             ITC', 'Bodoni MT', 'Bodoni MT                     
                             Poster', 'Book Antiqua',                          
                             'Bookman Old Style', 'Bradley                     
                             Hand ITC', 'Britannic',                           
                             'Broadway', 'Brush Script MT',                    
                             'Calibri', 'Californian FB',                      
                             'Calisto MT', 'Cambria',                          
                             'Cambria Math', 'Candara',                        
                             'Cascadia Code', 'Cascadia                        
                             Mono', 'Castellar', 'Centaur',                    
                             'Century', 'Century Gothic',                      
                             'Century Schoolbook',                             
                             'Chiller', 'Colonna MT',                          
                             'Comic Sans MS', 'Consolas',                      
                             'Constantia', 'Cooper',                           
                             'Copperplate Gothic',                             
                             'Corbel', 'Courier New',                          
                             'Curlz MT', 'Cursive',                            
                             'Dubai', 'Ebrima', 'Edwardian                     
                             Script ITC', 'Elephant',                          
                             'Engravers MT', 'Eras ITC',                       
                             'Fantasy', 'Felix Titling',                       
                             'Footlight MT', 'Forte',                          
                             'Franklin Gothic', 'Franklin                      
                             Gothic Book', 'Freestyle                          
                             Script', 'French Script MT',                      
                             'Gabriola', 'Gadugi',                             
                             'Garamond', 'Georgia', 'Gigi',                    
                             'Gill Sans', 'Gill Sans MT',                      
                             'Gloucester MT', 'Goudy Old                       
                             Style', 'Goudy Stout',                            
                             'Haettenschweiler', 'Harlow                       
                             Solid', 'Harrington', 'High                       
                             Tower Text', 'Impact',                            
                             'Imprint MT Shadow', 'Informal                    
                             Roman', 'Ink Free', 'Javanese                     
                             Text', 'Jokerman', 'Juice                         
                             ITC', 'Kristen ITC', 'Kunstler                    
                             Script', 'Leelawadee',                            
                             'Leelawadee UI', 'Lucida                          
                             Bright', 'Lucida Calligraphy',                    
                             'Lucida Console', 'Lucida                         
                             Fax', 'Lucida Handwriting',                       
                             'Lucida Sans', 'Lucida Sans                       
                             Typewriter', 'Lucida Sans                         
                             Unicode', 'MS Gothic', 'MS                        
                             PGothic', 'MS Reference Sans                      
                             Serif', 'MS UI Gothic', 'MV                       
                             Boli', 'Magneto', 'Maiandra                       
                             GD', 'Malgun Gothic', 'Matura                     
                             MT Script Capitals',                              
                             'Microsoft Himalaya',                             
                             'Microsoft JhengHei',                             
                             'Microsoft JhengHei UI',                          
                             'Microsoft New Tai Lue',                          
                             'Microsoft PhagsPa',                              
                             'Microsoft Sans Serif',                           
                             'Microsoft Tai Le', 'Microsoft                    
                             Uighur', 'Microsoft YaHei',                       
                             'Microsoft YaHei UI',                             
                             'Microsoft Yi Baiti',                             
                             'MingLiU-ExtB',                                   
                             'MingLiU_HKSCS-ExtB',                             
                             'MingLiU_MSCS-ExtB',                              
                             'Mistral', 'Modern No. 20',                       
                             'Mongolian Baiti',                                
                             'Monospace', 'Monotype                            
                             Corsiva', 'Myanmar Text',                         
                             'NSimSun', 'Niagara Engraved',                    
                             'Niagara Solid', 'Nirmala                         
                             Text', 'Nirmala UI', 'OCR A',                     
                             'Old English Text MT', 'Onyx',                    
                             'PMingLiU-ExtB', 'Palace                          
                             Script MT', 'Palatino                             
                             Linotype', 'Papyrus',                             
                             'Parchment', 'Perpetua',                          
                             'Perpetua Titling MT',                            
                             'Playbill', 'Poor Richard',                       
                             'Pristina', 'Rage', 'Ravie',                      
                             'Rockwell', 'Sans', 'Sans                         
                             Serif Collection',                                
                             'Sans-Serif', 'Script MT',                        
                             'Segoe Print', 'Segoe Script',                    
                             'Segoe UI', 'Segoe UI Emoji',                     
                             'Segoe UI Historic', 'Segoe UI                    
                             Symbol', 'Segoe UI Variable                       
                             Display', 'Segoe UI Variable                      
                             Small', 'Segoe UI Variable                        
                             Text', 'Serif', 'Showcard                         
                             Gothic', 'SimSun',                                
                             'SimSun-ExtB', 'SimSun-ExtG',                     
                             'Sitka Banner', 'Sitka                            
                             Display', 'Sitka Heading',                        
                             'Sitka Small', 'Sitka                             
                             Subheading', 'Sitka Text',                        
                             'Snap ITC', 'Stencil',                            
                             'Sylfaen', 'System-ui',                           
                             'Tahoma', 'Tempus Sans ITC',                      
                             'Times New Roman', 'Trebuchet                     
                             MS', 'Tw Cen MT', 'Verdana',                      
                             'Viner Hand ITC', 'Vivaldi',                      
                             'Vladimir Script', 'Wide                          
                             Latin', 'Yu Gothic', 'Yu                          
                             Gothic UI'].                                      
[06/04/26 16:05:36] INFO     Animation 50 : Using cached   cairo_renderer.py:94
                             data (hash :                                      
                             1600912824_1162874929_2435103                     
                             590)                                              
                    INFO     Animation 51 : Using cached   cairo_renderer.py:94
                             data (hash :                                      
                             1600912824_4217992463_1385031                     
                             788)                                              
[06/04/26 16:05:38] INFO     Animation 52 : Partial    scene_file_writer.py:601
                             movie file written in                             
                             'C:\Users\Coschool\manima                         
                             tions\media\videos\script                         
                             _3__cc_01_laws_of_ex_pac0                         
                             \720p30\partial_movie_fil                         
                             es\Script3Cc01LawsOfExpon                         
                             entsForRealNumbersScene\1                         
                             600912824_717679650_43126                         
                             8105.mp4'                                         
                    INFO     Automatically converted   scene_file_writer.py:394
                             C:\Users\Coschool\manimat                         
                             ions\media\voiceovers\the                         
                             -product-of-powers-law-st                         
                             ates-when-multiplying-295                         
                             ca6a7.mp3 to .wav                                 
                    INFO     Animation 53 : Using cached   cairo_renderer.py:94
                             data (hash :                                      
                             1600912824_2251585074_2964152                     
                             971)                                              
                    WARNING  Font Poppins not in ['Agency   text_mobject.py:464
                             FB', 'Algerian', 'Arial',                         
                             'Arial Rounded MT',                               
                             'Bahnschrift', 'Baskerville                       
                             Old Face', 'Bauhaus 93', 'Bell                    
                             MT', 'Berlin Sans FB',                            
                             'Bernard MT', 'Blackadder                         
                             ITC', 'Bodoni MT', 'Bodoni MT                     
                             Poster', 'Book Antiqua',                          
                             'Bookman Old Style', 'Bradley                     
                             Hand ITC', 'Britannic',                           
                             'Broadway', 'Brush Script MT',                    
                             'Calibri', 'Californian FB',                      
                             'Calisto MT', 'Cambria',                          
                             'Cambria Math', 'Candara',                        
                             'Cascadia Code', 'Cascadia                        
                             Mono', 'Castellar', 'Centaur',                    
                             'Century', 'Century Gothic',                      
                             'Century Schoolbook',                             
                             'Chiller', 'Colonna MT',                          
                             'Comic Sans MS', 'Consolas',                      
                             'Constantia', 'Cooper',                           
                             'Copperplate Gothic',                             
                             'Corbel', 'Courier New',                          
                             'Curlz MT', 'Cursive',                            
                             'Dubai', 'Ebrima', 'Edwardian                     
                             Script ITC', 'Elephant',                          
                             'Engravers MT', 'Eras ITC',                       
                             'Fantasy', 'Felix Titling',                       
                             'Footlight MT', 'Forte',                          
                             'Franklin Gothic', 'Franklin                      
                             Gothic Book', 'Freestyle                          
                             Script', 'French Script MT',                      
                             'Gabriola', 'Gadugi',                             
                             'Garamond', 'Georgia', 'Gigi',                    
                             'Gill Sans', 'Gill Sans MT',                      
                             'Gloucester MT', 'Goudy Old                       
                             Style', 'Goudy Stout',                            
                             'Haettenschweiler', 'Harlow                       
                             Solid', 'Harrington', 'High                       
                             Tower Text', 'Impact',                            
                             'Imprint MT Shadow', 'Informal                    
                             Roman', 'Ink Free', 'Javanese                     
                             Text', 'Jokerman', 'Juice                         
                             ITC', 'Kristen ITC', 'Kunstler                    
                             Script', 'Leelawadee',                            
                             'Leelawadee UI', 'Lucida                          
                             Bright', 'Lucida Calligraphy',                    
                             'Lucida Console', 'Lucida                         
                             Fax', 'Lucida Handwriting',                       
                             'Lucida Sans', 'Lucida Sans                       
                             Typewriter', 'Lucida Sans                         
                             Unicode', 'MS Gothic', 'MS                        
                             PGothic', 'MS Reference Sans                      
                             Serif', 'MS UI Gothic', 'MV                       
                             Boli', 'Magneto', 'Maiandra                       
                             GD', 'Malgun Gothic', 'Matura                     
                             MT Script Capitals',                              
                             'Microsoft Himalaya',                             
                             'Microsoft JhengHei',                             
                             'Microsoft JhengHei UI',                          
                             'Microsoft New Tai Lue',                          
                             'Microsoft PhagsPa',                              
                             'Microsoft Sans Serif',                           
                             'Microsoft Tai Le', 'Microsoft                    
                             Uighur', 'Microsoft YaHei',                       
                             'Microsoft YaHei UI',                             
                             'Microsoft Yi Baiti',                             
                             'MingLiU-ExtB',                                   
                             'MingLiU_HKSCS-ExtB',                             
                             'MingLiU_MSCS-ExtB',                              
                             'Mistral', 'Modern No. 20',                       
                             'Mongolian Baiti',                                
                             'Monospace', 'Monotype                            
                             Corsiva', 'Myanmar Text',                         
                             'NSimSun', 'Niagara Engraved',                    
                             'Niagara Solid', 'Nirmala                         
                             Text', 'Nirmala UI', 'OCR A',                     
                             'Old English Text MT', 'Onyx',                    
                             'PMingLiU-ExtB', 'Palace                          
                             Script MT', 'Palatino                             
                             Linotype', 'Papyrus',                             
                             'Parchment', 'Perpetua',                          
                             'Perpetua Titling MT',                            
                             'Playbill', 'Poor Richard',                       
                             'Pristina', 'Rage', 'Ravie',                      
                             'Rockwell', 'Sans', 'Sans                         
                             Serif Collection',                                
                             'Sans-Serif', 'Script MT',                        
                             'Segoe Print', 'Segoe Script',                    
                             'Segoe UI', 'Segoe UI Emoji',                     
                             'Segoe UI Historic', 'Segoe UI                    
                             Symbol', 'Segoe UI Variable                       
                             Display', 'Segoe UI Variable                      
                             Small', 'Segoe UI Variable                        
                             Text', 'Serif', 'Showcard                         
                             Gothic', 'SimSun',                                
                             'SimSun-ExtB', 'SimSun-ExtG',                     
                             'Sitka Banner', 'Sitka                            
                             Display', 'Sitka Heading',                        
                             'Sitka Small', 'Sitka                             
                             Subheading', 'Sitka Text',                        
                             'Snap ITC', 'Stencil',                            
                             'Sylfaen', 'System-ui',                           
                             'Tahoma', 'Tempus Sans ITC',                      
                             'Times New Roman', 'Trebuchet                     
                             MS', 'Tw Cen MT', 'Verdana',                      
                             'Viner Hand ITC', 'Vivaldi',                      
                             'Vladimir Script', 'Wide                          
                             Latin', 'Yu Gothic', 'Yu                          
                             Gothic UI'].                                      
[06/04/26 16:05:39] INFO     Animation 54 : Using cached   cairo_renderer.py:94
                             data (hash :                                      
                             1600912824_1141025076_2169102                     
                             209)                                              
                    WARNING  Font Poppins not in ['Agency   text_mobject.py:464
                             FB', 'Algerian', 'Arial',                         
                             'Arial Rounded MT',                               
                             'Bahnschrift', 'Baskerville                       
                             Old Face', 'Bauhaus 93', 'Bell                    
                             MT', 'Berlin Sans FB',                            
                             'Bernard MT', 'Blackadder                         
                             ITC', 'Bodoni MT', 'Bodoni MT                     
                             Poster', 'Book Antiqua',                          
                             'Bookman Old Style', 'Bradley                     
                             Hand ITC', 'Britannic',                           
                             'Broadway', 'Brush Script MT',                    
                             'Calibri', 'Californian FB',                      
                             'Calisto MT', 'Cambria',                          
                             'Cambria Math', 'Candara',                        
                             'Cascadia Code', 'Cascadia                        
                             Mono', 'Castellar', 'Centaur',                    
                             'Century', 'Century Gothic',                      
                             'Century Schoolbook',                             
                             'Chiller', 'Colonna MT',                          
                             'Comic Sans MS', 'Consolas',                      
                             'Constantia', 'Cooper',                           
                             'Copperplate Gothic',                             
                             'Corbel', 'Courier New',                          
                             'Curlz MT', 'Cursive',                            
                             'Dubai', 'Ebrima', 'Edwardian                     
                             Script ITC', 'Elephant',                          
                             'Engravers MT', 'Eras ITC',                       
                             'Fantasy', 'Felix Titling',                       
                             'Footlight MT', 'Forte',                          
                             'Franklin Gothic', 'Franklin                      
                             Gothic Book', 'Freestyle                          
                             Script', 'French Script MT',                      
                             'Gabriola', 'Gadugi',                             
                             'Garamond', 'Georgia', 'Gigi',                    
                             'Gill Sans', 'Gill Sans MT',                      
                             'Gloucester MT', 'Goudy Old                       
                             Style', 'Goudy Stout',                            
                             'Haettenschweiler', 'Harlow                       
                             Solid', 'Harrington', 'High                       
                             Tower Text', 'Impact',                            
                             'Imprint MT Shadow', 'Informal                    
                             Roman', 'Ink Free', 'Javanese                     
                             Text', 'Jokerman', 'Juice                         
                             ITC', 'Kristen ITC', 'Kunstler                    
                             Script', 'Leelawadee',                            
                             'Leelawadee UI', 'Lucida                          
                             Bright', 'Lucida Calligraphy',                    
                             'Lucida Console', 'Lucida                         
                             Fax', 'Lucida Handwriting',                       
                             'Lucida Sans', 'Lucida Sans                       
                             Typewriter', 'Lucida Sans                         
                             Unicode', 'MS Gothic', 'MS                        
                             PGothic', 'MS Reference Sans                      
                             Serif', 'MS UI Gothic', 'MV                       
                             Boli', 'Magneto', 'Maiandra                       
                             GD', 'Malgun Gothic', 'Matura                     
                             MT Script Capitals',                              
                             'Microsoft Himalaya',                             
                             'Microsoft JhengHei',                             
                             'Microsoft JhengHei UI',                          
                             'Microsoft New Tai Lue',                          
                             'Microsoft PhagsPa',                              
                             'Microsoft Sans Serif',                           
                             'Microsoft Tai Le', 'Microsoft                    
                             Uighur', 'Microsoft YaHei',                       
                             'Microsoft YaHei UI',                             
                             'Microsoft Yi Baiti',                             
                             'MingLiU-ExtB',                                   
                             'MingLiU_HKSCS-ExtB',                             
                             'MingLiU_MSCS-ExtB',                              
                             'Mistral', 'Modern No. 20',                       
                             'Mongolian Baiti',                                
                             'Monospace', 'Monotype                            
                             Corsiva', 'Myanmar Text',                         
                             'NSimSun', 'Niagara Engraved',                    
                             'Niagara Solid', 'Nirmala                         
                             Text', 'Nirmala UI', 'OCR A',                     
                             'Old English Text MT', 'Onyx',                    
                             'PMingLiU-ExtB', 'Palace                          
                             Script MT', 'Palatino                             
                             Linotype', 'Papyrus',                             
                             'Parchment', 'Perpetua',                          
                             'Perpetua Titling MT',                            
                             'Playbill', 'Poor Richard',                       
                             'Pristina', 'Rage', 'Ravie',                      
                             'Rockwell', 'Sans', 'Sans                         
                             Serif Collection',                                
                             'Sans-Serif', 'Script MT',                        
                             'Segoe Print', 'Segoe Script',                    
                             'Segoe UI', 'Segoe UI Emoji',                     
                             'Segoe UI Historic', 'Segoe UI                    
                             Symbol', 'Segoe UI Variable                       
                             Display', 'Segoe UI Variable                      
                             Small', 'Segoe UI Variable                        
                             Text', 'Serif', 'Showcard                         
                             Gothic', 'SimSun',                                
                             'SimSun-ExtB', 'SimSun-ExtG',                     
                             'Sitka Banner', 'Sitka                            
                             Display', 'Sitka Heading',                        
                             'Sitka Small', 'Sitka                             
                             Subheading', 'Sitka Text',                        
                             'Snap ITC', 'Stencil',                            
                             'Sylfaen', 'System-ui',                           
                             'Tahoma', 'Tempus Sans ITC',                      
                             'Times New Roman', 'Trebuchet                     
                             MS', 'Tw Cen MT', 'Verdana',                      
                             'Viner Hand ITC', 'Vivaldi',                      
                             'Vladimir Script', 'Wide                          
                             Latin', 'Yu Gothic', 'Yu                          
                             Gothic UI'].                                      
[06/04/26 16:05:40] INFO     Animation 55 : Using cached   cairo_renderer.py:94
                             data (hash :                                      
                             1600912824_86826869_162240683                     
                             9)                                                
                    INFO     Animation 56 : Using cached   cairo_renderer.py:94
                             data (hash :                                      
                             1600912824_4217992463_3180163                     
                             929)                                              
[06/04/26 16:05:42] INFO     Animation 57 : Partial    scene_file_writer.py:601
                             movie file written in                             
                             'C:\Users\Coschool\manima                         
                             tions\media\videos\script                         
                             _3__cc_01_laws_of_ex_pac0                         
                             \720p30\partial_movie_fil                         
                             es\Script3Cc01LawsOfExpon                         
                             entsForRealNumbersScene\1                         
                             600912824_2172011606_2336                         
                             749366.mp4'                                       
[06/04/26 16:05:43] INFO     Automatically converted   scene_file_writer.py:394
                             C:\Users\Coschool\manimat                         
                             ions\media\voiceovers\so-                         
                             2-to-the-power-of-3-also-                         
                             called-2-cubed-ecb54030.m                         
                             p3 to .wav                                        
                    INFO     Animation 58 : Using cached   cairo_renderer.py:94
                             data (hash :                                      
                             1600912824_2251585074_2910647                     
                             6)                                                
[06/04/26 16:05:44] INFO     Animation 59 : Using cached   cairo_renderer.py:94
                             data (hash :                                      
                             1600912824_2355515944_3127301                     
                             626)                                              
[06/04/26 16:05:45] INFO     Animation 60 : Using cached   cairo_renderer.py:94
                             data (hash :                                      
                             1600912824_1287399224_3063214                     
                             31)                                               
                    INFO     Animation 61 : Using cached   cairo_renderer.py:94
                             data (hash :                                      
                             1600912824_3394500337_3095808                     
                             717)                                              
[06/04/26 16:05:46] INFO     Animation 62 : Using cached   cairo_renderer.py:94
                             data (hash :                                      
                             1600912824_475921783_39261139                     
                             07)                                               
                    INFO     Animation 63 : Using cached   cairo_renderer.py:94
                             data (hash :                                      
                             1600912824_3394500337_3337475                     
                             548)                                              
[06/04/26 16:05:47] INFO     Animation 64 : Using cached   cairo_renderer.py:94
                             data (hash :                                      
                             1600912824_4184172313_1574689                     
                             692)                                              
                    INFO     Animation 65 : Using cached   cairo_renderer.py:94
                             data (hash :                                      
                             1600912824_4217992463_2042124                     
                             957)                                              
                    INFO     Animation 66 : Using cached   cairo_renderer.py:94
                             data (hash :                                      
                             1600912824_1532311213_2058375                     
                             671)                                              
[06/04/26 16:05:49] INFO     Animation 67 : Partial    scene_file_writer.py:601
                             movie file written in                             
                             'C:\Users\Coschool\manima                         
                             tions\media\videos\script                         
                             _3__cc_01_laws_of_ex_pac0                         
                             \720p30\partial_movie_fil                         
                             es\Script3Cc01LawsOfExpon                         
                             entsForRealNumbersScene\1                         
                             600912824_2721122749_2493                         
                             219635.mp4'                                       
                    INFO     Automatically converted   scene_file_writer.py:394
                             C:\Users\Coschool\manimat                         
                             ions\media\voiceovers\the                         
                             -quotient-of-powers-law-s                         
                             ays-when-dividing-same-96                         
                             059a35.mp3 to .wav                                
                    WARNING  Font Poppins not in ['Agency   text_mobject.py:464
                             FB', 'Algerian', 'Arial',                         
                             'Arial Rounded MT',                               
                             'Bahnschrift', 'Baskerville                       
                             Old Face', 'Bauhaus 93', 'Bell                    
                             MT', 'Berlin Sans FB',                            
                             'Bernard MT', 'Blackadder                         
                             ITC', 'Bodoni MT', 'Bodoni MT                     
                             Poster', 'Book Antiqua',                          
                             'Bookman Old Style', 'Bradley                     
                             Hand ITC', 'Britannic',                           
                             'Broadway', 'Brush Script MT',                    
                             'Calibri', 'Californian FB',                      
                             'Calisto MT', 'Cambria',                          
                             'Cambria Math', 'Candara',                        
                             'Cascadia Code', 'Cascadia                        
                             Mono', 'Castellar', 'Centaur',                    
                             'Century', 'Century Gothic',                      
                             'Century Schoolbook',                             
                             'Chiller', 'Colonna MT',                          
                             'Comic Sans MS', 'Consolas',                      
                             'Constantia', 'Cooper',                           
                             'Copperplate Gothic',                             
                             'Corbel', 'Courier New',                          
                             'Curlz MT', 'Cursive',                            
                             'Dubai', 'Ebrima', 'Edwardian                     
                             Script ITC', 'Elephant',                          
                             'Engravers MT', 'Eras ITC',                       
                             'Fantasy', 'Felix Titling',                       
                             'Footlight MT', 'Forte',                          
                             'Franklin Gothic', 'Franklin                      
                             Gothic Book', 'Freestyle                          
                             Script', 'French Script MT',                      
                             'Gabriola', 'Gadugi',                             
                             'Garamond', 'Georgia', 'Gigi',                    
                             'Gill Sans', 'Gill Sans MT',                      
                             'Gloucester MT', 'Goudy Old                       
                             Style', 'Goudy Stout',                            
                             'Haettenschweiler', 'Harlow                       
                             Solid', 'Harrington', 'High                       
                             Tower Text', 'Impact',                            
                             'Imprint MT Shadow', 'Informal                    
                             Roman', 'Ink Free', 'Javanese                     
                             Text', 'Jokerman', 'Juice                         
                             ITC', 'Kristen ITC', 'Kunstler                    
                             Script', 'Leelawadee',                            
                             'Leelawadee UI', 'Lucida                          
                             Bright', 'Lucida Calligraphy',                    
                             'Lucida Console', 'Lucida                         
                             Fax', 'Lucida Handwriting',                       
                             'Lucida Sans', 'Lucida Sans                       
                             Typewriter', 'Lucida Sans                         
                             Unicode', 'MS Gothic', 'MS                        
                             PGothic', 'MS Reference Sans                      
                             Serif', 'MS UI Gothic', 'MV                       
                             Boli', 'Magneto', 'Maiandra                       
                             GD', 'Malgun Gothic', 'Matura                     
                             MT Script Capitals',                              
                             'Microsoft Himalaya',                             
                             'Microsoft JhengHei',                             
                             'Microsoft JhengHei UI',                          
                             'Microsoft New Tai Lue',                          
                             'Microsoft PhagsPa',                              
                             'Microsoft Sans Serif',                           
                             'Microsoft Tai Le', 'Microsoft                    
                             Uighur', 'Microsoft YaHei',                       
                             'Microsoft YaHei UI',                             
                             'Microsoft Yi Baiti',                             
                             'MingLiU-ExtB',                                   
                             'MingLiU_HKSCS-ExtB',                             
                             'MingLiU_MSCS-ExtB',                              
                             'Mistral', 'Modern No. 20',                       
                             'Mongolian Baiti',                                
                             'Monospace', 'Monotype                            
                             Corsiva', 'Myanmar Text',                         
                             'NSimSun', 'Niagara Engraved',                    
                             'Niagara Solid', 'Nirmala                         
                             Text', 'Nirmala UI', 'OCR A',                     
                             'Old English Text MT', 'Onyx',                    
                             'PMingLiU-ExtB', 'Palace                          
                             Script MT', 'Palatino                             
                             Linotype', 'Papyrus',                             
                             'Parchment', 'Perpetua',                          
                             'Perpetua Titling MT',                            
                             'Playbill', 'Poor Richard',                       
                             'Pristina', 'Rage', 'Ravie',                      
                             'Rockwell', 'Sans', 'Sans                         
                             Serif Collection',                                
                             'Sans-Serif', 'Script MT',                        
                             'Segoe Print', 'Segoe Script',                    
                             'Segoe UI', 'Segoe UI Emoji',                     
                             'Segoe UI Historic', 'Segoe UI                    
                             Symbol', 'Segoe UI Variable                       
                             Display', 'Segoe UI Variable                      
                             Small', 'Segoe UI Variable                        
                             Text', 'Serif', 'Showcard                         
                             Gothic', 'SimSun',                                
                             'SimSun-ExtB', 'SimSun-ExtG',                     
                             'Sitka Banner', 'Sitka                            
                             Display', 'Sitka Heading',                        
                             'Sitka Small', 'Sitka                             
                             Subheading', 'Sitka Text',                        
                             'Snap ITC', 'Stencil',                            
                             'Sylfaen', 'System-ui',                           
                             'Tahoma', 'Tempus Sans ITC',                      
                             'Times New Roman', 'Trebuchet                     
                             MS', 'Tw Cen MT', 'Verdana',                      
                             'Viner Hand ITC', 'Vivaldi',                      
                             'Vladimir Script', 'Wide                          
                             Latin', 'Yu Gothic', 'Yu                          
                             Gothic UI'].                                      
[06/04/26 16:05:50] INFO     Animation 68 : Using cached   cairo_renderer.py:94
                             data (hash :                                      
                             1600912824_1770969528_3959162                     
                             329)                                              
                    WARNING  Font Poppins not in ['Agency   text_mobject.py:464
                             FB', 'Algerian', 'Arial',                         
                             'Arial Rounded MT',                               
                             'Bahnschrift', 'Baskerville                       
                             Old Face', 'Bauhaus 93', 'Bell                    
                             MT', 'Berlin Sans FB',                            
                             'Bernard MT', 'Blackadder                         
                             ITC', 'Bodoni MT', 'Bodoni MT                     
                             Poster', 'Book Antiqua',                          
                             'Bookman Old Style', 'Bradley                     
                             Hand ITC', 'Britannic',                           
                             'Broadway', 'Brush Script MT',                    
                             'Calibri', 'Californian FB',                      
                             'Calisto MT', 'Cambria',                          
                             'Cambria Math', 'Candara',                        
                             'Cascadia Code', 'Cascadia                        
                             Mono', 'Castellar', 'Centaur',                    
                             'Century', 'Century Gothic',                      
                             'Century Schoolbook',                             
                             'Chiller', 'Colonna MT',                          
                             'Comic Sans MS', 'Consolas',                      
                             'Constantia', 'Cooper',                           
                             'Copperplate Gothic',                             
                             'Corbel', 'Courier New',                          
                             'Curlz MT', 'Cursive',                            
                             'Dubai', 'Ebrima', 'Edwardian                     
                             Script ITC', 'Elephant',                          
                             'Engravers MT', 'Eras ITC',                       
                             'Fantasy', 'Felix Titling',                       
                             'Footlight MT', 'Forte',                          
                             'Franklin Gothic', 'Franklin                      
                             Gothic Book', 'Freestyle                          
                             Script', 'French Script MT',                      
                             'Gabriola', 'Gadugi',                             
                             'Garamond', 'Georgia', 'Gigi',                    
                             'Gill Sans', 'Gill Sans MT',                      
                             'Gloucester MT', 'Goudy Old                       
                             Style', 'Goudy Stout',                            
                             'Haettenschweiler', 'Harlow                       
                             Solid', 'Harrington', 'High                       
                             Tower Text', 'Impact',                            
                             'Imprint MT Shadow', 'Informal                    
                             Roman', 'Ink Free', 'Javanese                     
                             Text', 'Jokerman', 'Juice                         
                             ITC', 'Kristen ITC', 'Kunstler                    
                             Script', 'Leelawadee',                            
                             'Leelawadee UI', 'Lucida                          
                             Bright', 'Lucida Calligraphy',                    
                             'Lucida Console', 'Lucida                         
                             Fax', 'Lucida Handwriting',                       
                             'Lucida Sans', 'Lucida Sans                       
                             Typewriter', 'Lucida Sans                         
                             Unicode', 'MS Gothic', 'MS                        
                             PGothic', 'MS Reference Sans                      
                             Serif', 'MS UI Gothic', 'MV                       
                             Boli', 'Magneto', 'Maiandra                       
                             GD', 'Malgun Gothic', 'Matura                     
                             MT Script Capitals',                              
                             'Microsoft Himalaya',                             
                             'Microsoft JhengHei',                             
                             'Microsoft JhengHei UI',                          
                             'Microsoft New Tai Lue',                          
                             'Microsoft PhagsPa',                              
                             'Microsoft Sans Serif',                           
                             'Microsoft Tai Le', 'Microsoft                    
                             Uighur', 'Microsoft YaHei',                       
                             'Microsoft YaHei UI',                             
                             'Microsoft Yi Baiti',                             
                             'MingLiU-ExtB',                                   
                             'MingLiU_HKSCS-ExtB',                             
                             'MingLiU_MSCS-ExtB',                              
                             'Mistral', 'Modern No. 20',                       
                             'Mongolian Baiti',                                
                             'Monospace', 'Monotype                            
                             Corsiva', 'Myanmar Text',                         
                             'NSimSun', 'Niagara Engraved',                    
                             'Niagara Solid', 'Nirmala                         
                             Text', 'Nirmala UI', 'OCR A',                     
                             'Old English Text MT', 'Onyx',                    
                             'PMingLiU-ExtB', 'Palace                          
                             Script MT', 'Palatino                             
                             Linotype', 'Papyrus',                             
                             'Parchment', 'Perpetua',                          
                             'Perpetua Titling MT',                            
                             'Playbill', 'Poor Richard',                       
                             'Pristina', 'Rage', 'Ravie',                      
                             'Rockwell', 'Sans', 'Sans                         
                             Serif Collection',                                
                             'Sans-Serif', 'Script MT',                        
                             'Segoe Print', 'Segoe Script',                    
                             'Segoe UI', 'Segoe UI Emoji',                     
                             'Segoe UI Historic', 'Segoe UI                    
                             Symbol', 'Segoe UI Variable                       
                             Display', 'Segoe UI Variable                      
                             Small', 'Segoe UI Variable                        
                             Text', 'Serif', 'Showcard                         
                             Gothic', 'SimSun',                                
                             'SimSun-ExtB', 'SimSun-ExtG',                     
                             'Sitka Banner', 'Sitka                            
                             Display', 'Sitka Heading',                        
                             'Sitka Small', 'Sitka                             
                             Subheading', 'Sitka Text',                        
                             'Snap ITC', 'Stencil',                            
                             'Sylfaen', 'System-ui',                           
                             'Tahoma', 'Tempus Sans ITC',                      
                             'Times New Roman', 'Trebuchet                     
                             MS', 'Tw Cen MT', 'Verdana',                      
                             'Viner Hand ITC', 'Vivaldi',                      
                             'Vladimir Script', 'Wide                          
                             Latin', 'Yu Gothic', 'Yu                          
                             Gothic UI'].                                      
[06/04/26 16:05:51] INFO     Animation 69 : Using cached   cairo_renderer.py:94
                             data (hash :                                      
                             1600912824_1124054733_1306859                     
                             884)                                              
[06/04/26 16:05:52] INFO     Animation 70 : Using cached   cairo_renderer.py:94
                             data (hash :                                      
                             1600912824_4217992463_4176637                     
                             662)                                              
[06/04/26 16:05:54] INFO     Animation 71 : Partial    scene_file_writer.py:601
                             movie file written in                             
                             'C:\Users\Coschool\manima                         
                             tions\media\videos\script                         
                             _3__cc_01_laws_of_ex_pac0                         
                             \720p30\partial_movie_fil                         
                             es\Script3Cc01LawsOfExpon                         
                             entsForRealNumbersScene\1                         
                             600912824_2518422328_2727                         
                             256398.mp4'                                       
                    INFO     Automatically converted   scene_file_writer.py:394
                             C:\Users\Coschool\manimat                         
                             ions\media\voiceovers\the                         
                             refore-2-to-the-power-of-                         
                             5-divided-by-2-squared-d1                         
                             c5ebdf.mp3 to .wav                                
[06/04/26 16:05:55] INFO     Animation 72 : Using cached   cairo_renderer.py:94
                             data (hash :                                      
                             1600912824_1251304281_4253644                     
                             43)                                               
[06/04/26 16:05:56] INFO     Animation 73 : Using cached   cairo_renderer.py:94
                             data (hash :                                      
                             1600912824_2135045117_2903122                     
                             436)                                              
                    INFO     Animation 74 : Using cached   cairo_renderer.py:94
                             data (hash :                                      
                             1600912824_348168873_42456167                     
                             44)                                               
[06/04/26 16:05:57] INFO     Animation 75 : Using cached   cairo_renderer.py:94
                             data (hash :                                      
                             1600912824_3394500337_3761681                     
                             16)                                               
                    INFO     Animation 76 : Using cached   cairo_renderer.py:94
                             data (hash :                                      
                             1600912824_4290691792_1644950                     
                             032)                                              
[06/04/26 16:05:58] INFO     Animation 77 : Using cached   cairo_renderer.py:94
                             data (hash :                                      
                             1600912824_3394500337_3804154                     
                             309)                                              
                    INFO     Animation 78 : Using cached   cairo_renderer.py:94
                             data (hash :                                      
                             1600912824_3278025065_1071594                     
                             378)                                              
[06/04/26 16:05:59] INFO     Animation 79 : Using cached   cairo_renderer.py:94
                             data (hash :                                      
                             1600912824_4217992463_2457266                     
                             086)                                              
                    INFO     Animation 80 : Using cached   cairo_renderer.py:94
                             data (hash :                                      
                             1600912824_506150793_25322953                     
                             65)                                               
[06/04/26 16:06:00] INFO     Automatically converted   scene_file_writer.py:394
                             C:\Users\Coschool\manimat                         
                             ions\media\voiceovers\the                         
                             -power-of-a-power-law-mea                         
                             ns-multiply-the-9b2646c6.                         
                             mp3 to .wav                                       
                    WARNING  Font Poppins not in ['Agency   text_mobject.py:464
                             FB', 'Algerian', 'Arial',                         
                             'Arial Rounded MT',                               
                             'Bahnschrift', 'Baskerville                       
                             Old Face', 'Bauhaus 93', 'Bell                    
                             MT', 'Berlin Sans FB',                            
                             'Bernard MT', 'Blackadder                         
                             ITC', 'Bodoni MT', 'Bodoni MT                     
                             Poster', 'Book Antiqua',                          
                             'Bookman Old Style', 'Bradley                     
                             Hand ITC', 'Britannic',                           
                             'Broadway', 'Brush Script MT',                    
                             'Calibri', 'Californian FB',                      
                             'Calisto MT', 'Cambria',                          
                             'Cambria Math', 'Candara',                        
                             'Cascadia Code', 'Cascadia                        
                             Mono', 'Castellar', 'Centaur',                    
                             'Century', 'Century Gothic',                      
                             'Century Schoolbook',                             
                             'Chiller', 'Colonna MT',                          
                             'Comic Sans MS', 'Consolas',                      
                             'Constantia', 'Cooper',                           
                             'Copperplate Gothic',                             
                             'Corbel', 'Courier New',                          
                             'Curlz MT', 'Cursive',                            
                             'Dubai', 'Ebrima', 'Edwardian                     
                             Script ITC', 'Elephant',                          
                             'Engravers MT', 'Eras ITC',                       
                             'Fantasy', 'Felix Titling',                       
                             'Footlight MT', 'Forte',                          
                             'Franklin Gothic', 'Franklin                      
                             Gothic Book', 'Freestyle                          
                             Script', 'French Script MT',                      
                             'Gabriola', 'Gadugi',                             
                             'Garamond', 'Georgia', 'Gigi',                    
                             'Gill Sans', 'Gill Sans MT',                      
                             'Gloucester MT', 'Goudy Old                       
                             Style', 'Goudy Stout',                            
                             'Haettenschweiler', 'Harlow                       
                             Solid', 'Harrington', 'High                       
                             Tower Text', 'Impact',                            
                             'Imprint MT Shadow', 'Informal                    
                             Roman', 'Ink Free', 'Javanese                     
                             Text', 'Jokerman', 'Juice                         
                             ITC', 'Kristen ITC', 'Kunstler                    
                             Script', 'Leelawadee',                            
                             'Leelawadee UI', 'Lucida                          
                             Bright', 'Lucida Calligraphy',                    
                             'Lucida Console', 'Lucida                         
                             Fax', 'Lucida Handwriting',                       
                             'Lucida Sans', 'Lucida Sans                       
                             Typewriter', 'Lucida Sans                         
                             Unicode', 'MS Gothic', 'MS                        
                             PGothic', 'MS Reference Sans                      
                             Serif', 'MS UI Gothic', 'MV                       
                             Boli', 'Magneto', 'Maiandra                       
                             GD', 'Malgun Gothic', 'Matura                     
                             MT Script Capitals',                              
                             'Microsoft Himalaya',                             
                             'Microsoft JhengHei',                             
                             'Microsoft JhengHei UI',                          
                             'Microsoft New Tai Lue',                          
                             'Microsoft PhagsPa',                              
                             'Microsoft Sans Serif',                           
                             'Microsoft Tai Le', 'Microsoft                    
                             Uighur', 'Microsoft YaHei',                       
                             'Microsoft YaHei UI',                             
                             'Microsoft Yi Baiti',                             
                             'MingLiU-ExtB',                                   
                             'MingLiU_HKSCS-ExtB',                             
                             'MingLiU_MSCS-ExtB',                              
                             'Mistral', 'Modern No. 20',                       
                             'Mongolian Baiti',                                
                             'Monospace', 'Monotype                            
                             Corsiva', 'Myanmar Text',                         
                             'NSimSun', 'Niagara Engraved',                    
                             'Niagara Solid', 'Nirmala                         
                             Text', 'Nirmala UI', 'OCR A',                     
                             'Old English Text MT', 'Onyx',                    
                             'PMingLiU-ExtB', 'Palace                          
                             Script MT', 'Palatino                             
                             Linotype', 'Papyrus',                             
                             'Parchment', 'Perpetua',                          
                             'Perpetua Titling MT',                            
                             'Playbill', 'Poor Richard',                       
                             'Pristina', 'Rage', 'Ravie',                      
                             'Rockwell', 'Sans', 'Sans                         
                             Serif Collection',                                
                             'Sans-Serif', 'Script MT',                        
                             'Segoe Print', 'Segoe Script',                    
                             'Segoe UI', 'Segoe UI Emoji',                     
                             'Segoe UI Historic', 'Segoe UI                    
                             Symbol', 'Segoe UI Variable                       
                             Display', 'Segoe UI Variable                      
                             Small', 'Segoe UI Variable                        
                             Text', 'Serif', 'Showcard                         
                             Gothic', 'SimSun',                                
                             'SimSun-ExtB', 'SimSun-ExtG',                     
                             'Sitka Banner', 'Sitka                            
                             Display', 'Sitka Heading',                        
                             'Sitka Small', 'Sitka                             
                             Subheading', 'Sitka Text',                        
                             'Snap ITC', 'Stencil',                            
                             'Sylfaen', 'System-ui',                           
                             'Tahoma', 'Tempus Sans ITC',                      
                             'Times New Roman', 'Trebuchet                     
                             MS', 'Tw Cen MT', 'Verdana',                      
                             'Viner Hand ITC', 'Vivaldi',                      
                             'Vladimir Script', 'Wide                          
                             Latin', 'Yu Gothic', 'Yu                          
                             Gothic UI'].                                      
                    INFO     Animation 81 : Using cached   cairo_renderer.py:94
                             data (hash :                                      
                             1600912824_3600085229_4050304                     
                             176)                                              
                    WARNING  Font Poppins not in ['Agency   text_mobject.py:464
                             FB', 'Algerian', 'Arial',                         
                             'Arial Rounded MT',                               
                             'Bahnschrift', 'Baskerville                       
                             Old Face', 'Bauhaus 93', 'Bell                    
                             MT', 'Berlin Sans FB',                            
                             'Bernard MT', 'Blackadder                         
                             ITC', 'Bodoni MT', 'Bodoni MT                     
                             Poster', 'Book Antiqua',                          
                             'Bookman Old Style', 'Bradley                     
                             Hand ITC', 'Britannic',                           
                             'Broadway', 'Brush Script MT',                    
                             'Calibri', 'Californian FB',                      
                             'Calisto MT', 'Cambria',                          
                             'Cambria Math', 'Candara',                        
                             'Cascadia Code', 'Cascadia                        
                             Mono', 'Castellar', 'Centaur',                    
                             'Century', 'Century Gothic',                      
                             'Century Schoolbook',                             
                             'Chiller', 'Colonna MT',                          
                             'Comic Sans MS', 'Consolas',                      
                             'Constantia', 'Cooper',                           
                             'Copperplate Gothic',                             
                             'Corbel', 'Courier New',                          
                             'Curlz MT', 'Cursive',                            
                             'Dubai', 'Ebrima', 'Edwardian                     
                             Script ITC', 'Elephant',                          
                             'Engravers MT', 'Eras ITC',                       
                             'Fantasy', 'Felix Titling',                       
                             'Footlight MT', 'Forte',                          
                             'Franklin Gothic', 'Franklin                      
                             Gothic Book', 'Freestyle                          
                             Script', 'French Script MT',                      
                             'Gabriola', 'Gadugi',                             
                             'Garamond', 'Georgia', 'Gigi',                    
                             'Gill Sans', 'Gill Sans MT',                      
                             'Gloucester MT', 'Goudy Old                       
                             Style', 'Goudy Stout',                            
                             'Haettenschweiler', 'Harlow                       
                             Solid', 'Harrington', 'High                       
                             Tower Text', 'Impact',                            
                             'Imprint MT Shadow', 'Informal                    
                             Roman', 'Ink Free', 'Javanese                     
                             Text', 'Jokerman', 'Juice                         
                             ITC', 'Kristen ITC', 'Kunstler                    
                             Script', 'Leelawadee',                            
                             'Leelawadee UI', 'Lucida                          
                             Bright', 'Lucida Calligraphy',                    
                             'Lucida Console', 'Lucida                         
                             Fax', 'Lucida Handwriting',                       
                             'Lucida Sans', 'Lucida Sans                       
                             Typewriter', 'Lucida Sans                         
                             Unicode', 'MS Gothic', 'MS                        
                             PGothic', 'MS Reference Sans                      
                             Serif', 'MS UI Gothic', 'MV                       
                             Boli', 'Magneto', 'Maiandra                       
                             GD', 'Malgun Gothic', 'Matura                     
                             MT Script Capitals',                              
                             'Microsoft Himalaya',                             
                             'Microsoft JhengHei',                             
                             'Microsoft JhengHei UI',                          
                             'Microsoft New Tai Lue',                          
                             'Microsoft PhagsPa',                              
                             'Microsoft Sans Serif',                           
                             'Microsoft Tai Le', 'Microsoft                    
                             Uighur', 'Microsoft YaHei',                       
                             'Microsoft YaHei UI',                             
                             'Microsoft Yi Baiti',                             
                             'MingLiU-ExtB',                                   
                             'MingLiU_HKSCS-ExtB',                             
                             'MingLiU_MSCS-ExtB',                              
                             'Mistral', 'Modern No. 20',                       
                             'Mongolian Baiti',                                
                             'Monospace', 'Monotype                            
                             Corsiva', 'Myanmar Text',                         
                             'NSimSun', 'Niagara Engraved',                    
                             'Niagara Solid', 'Nirmala                         
                             Text', 'Nirmala UI', 'OCR A',                     
                             'Old English Text MT', 'Onyx',                    
                             'PMingLiU-ExtB', 'Palace                          
                             Script MT', 'Palatino                             
                             Linotype', 'Papyrus',                             
                             'Parchment', 'Perpetua',                          
                             'Perpetua Titling MT',                            
                             'Playbill', 'Poor Richard',                       
                             'Pristina', 'Rage', 'Ravie',                      
                             'Rockwell', 'Sans', 'Sans                         
                             Serif Collection',                                
                             'Sans-Serif', 'Script MT',                        
                             'Segoe Print', 'Segoe Script',                    
                             'Segoe UI', 'Segoe UI Emoji',                     
                             'Segoe UI Historic', 'Segoe UI                    
                             Symbol', 'Segoe UI Variable                       
                             Display', 'Segoe UI Variable                      
                             Small', 'Segoe UI Variable                        
                             Text', 'Serif', 'Showcard                         
                             Gothic', 'SimSun',                                
                             'SimSun-ExtB', 'SimSun-ExtG',                     
                             'Sitka Banner', 'Sitka                            
                             Display', 'Sitka Heading',                        
                             'Sitka Small', 'Sitka                             
                             Subheading', 'Sitka Text',                        
                             'Snap ITC', 'Stencil',                            
                             'Sylfaen', 'System-ui',                           
                             'Tahoma', 'Tempus Sans ITC',                      
                             'Times New Roman', 'Trebuchet                     
                             MS', 'Tw Cen MT', 'Verdana',                      
                             'Viner Hand ITC', 'Vivaldi',                      
                             'Vladimir Script', 'Wide                          
                             Latin', 'Yu Gothic', 'Yu                          
                             Gothic UI'].                                      
[06/04/26 16:06:01] INFO     Animation 82 : Using cached   cairo_renderer.py:94
                             data (hash :                                      
                             1600912824_3033841558_3771391                     
                             665)                                              
[06/04/26 16:06:02] INFO     Animation 83 : Using cached   cairo_renderer.py:94
                             data (hash :                                      
                             1600912824_4217992463_2270929                     
                             960)                                              
[06/04/26 16:06:03] INFO     Animation 84 : Partial    scene_file_writer.py:601
                             movie file written in                             
                             'C:\Users\Coschool\manima                         
                             tions\media\videos\script                         
                             _3__cc_01_laws_of_ex_pac0                         
                             \720p30\partial_movie_fil                         
                             es\Script3Cc01LawsOfExpon                         
                             entsForRealNumbersScene\1                         
                             600912824_1515128453_2749                         
                             732407.mp4'                                       
                    INFO     Automatically converted   scene_file_writer.py:394
                             C:\Users\Coschool\manimat                         
                             ions\media\voiceovers\so-                         
                             2-cubed-all-raised-to-the                         
                             -power-of-2-equals-2-3c9d                         
                             35cb.mp3 to .wav                                  
[06/04/26 16:06:04] INFO     Animation 85 : Using cached   cairo_renderer.py:94
                             data (hash :                                      
                             1600912824_1416307998_3978677                     
                             8)                                                
                    INFO     Animation 86 : Using cached   cairo_renderer.py:94
                             data (hash :                                      
                             1600912824_2252541861_1568492                     
                             512)                                              
[06/04/26 16:06:05] INFO     Animation 87 : Using cached   cairo_renderer.py:94
                             data (hash :                                      
                             1600912824_2146567774_2463008                     
                             2)                                                
                    INFO     Animation 88 : Using cached   cairo_renderer.py:94
                             data (hash :                                      
                             1600912824_3394500337_3196628                     
                             877)                                              
[06/04/26 16:06:06] INFO     Animation 89 : Using cached   cairo_renderer.py:94
                             data (hash :                                      
                             1600912824_4029335812_3645613                     
                             901)                                              
                    INFO     Animation 90 : Using cached   cairo_renderer.py:94
                             data (hash :                                      
                             1600912824_3394500337_3211505                     
                             179)                                              
[06/04/26 16:06:07] INFO     Animation 91 : Using cached   cairo_renderer.py:94
                             data (hash :                                      
                             1600912824_1949213812_6876695                     
                             96)                                               
                    INFO     Animation 92 : Using cached   cairo_renderer.py:94
                             data (hash :                                      
                             1600912824_4217992463_2981955                     
                             575)                                              
[06/04/26 16:06:08] INFO     Animation 93 : Using cached   cairo_renderer.py:94
                             data (hash :                                      
                             1600912824_1033268468_3391145                     
                             970)                                              
                    INFO     Automatically converted   scene_file_writer.py:394
                             C:\Users\Coschool\manimat                         
                             ions\media\voiceovers\add                         
                             itionally-any-non-zero-nu                         
                             mber-to-the-power-of-61a0                         
                             97dc.mp3 to .wav                                  
[06/04/26 16:06:09] INFO     Animation 94 : Using cached   cairo_renderer.py:94
                             data (hash :                                      
                             1600912824_3696631898_1303499                     
                             364)                                              
                    WARNING  Font Poppins not in ['Agency   text_mobject.py:464
                             FB', 'Algerian', 'Arial',                         
                             'Arial Rounded MT',                               
                             'Bahnschrift', 'Baskerville                       
                             Old Face', 'Bauhaus 93', 'Bell                    
                             MT', 'Berlin Sans FB',                            
                             'Bernard MT', 'Blackadder                         
                             ITC', 'Bodoni MT', 'Bodoni MT                     
                             Poster', 'Book Antiqua',                          
                             'Bookman Old Style', 'Bradley                     
                             Hand ITC', 'Britannic',                           
                             'Broadway', 'Brush Script MT',                    
                             'Calibri', 'Californian FB',                      
                             'Calisto MT', 'Cambria',                          
                             'Cambria Math', 'Candara',                        
                             'Cascadia Code', 'Cascadia                        
                             Mono', 'Castellar', 'Centaur',                    
                             'Century', 'Century Gothic',                      
                             'Century Schoolbook',                             
                             'Chiller', 'Colonna MT',                          
                             'Comic Sans MS', 'Consolas',                      
                             'Constantia', 'Cooper',                           
                             'Copperplate Gothic',                             
                             'Corbel', 'Courier New',                          
                             'Curlz MT', 'Cursive',                            
                             'Dubai', 'Ebrima', 'Edwardian                     
                             Script ITC', 'Elephant',                          
                             'Engravers MT', 'Eras ITC',                       
                             'Fantasy', 'Felix Titling',                       
                             'Footlight MT', 'Forte',                          
                             'Franklin Gothic', 'Franklin                      
                             Gothic Book', 'Freestyle                          
                             Script', 'French Script MT',                      
                             'Gabriola', 'Gadugi',                             
                             'Garamond', 'Georgia', 'Gigi',                    
                             'Gill Sans', 'Gill Sans MT',                      
                             'Gloucester MT', 'Goudy Old                       
                             Style', 'Goudy Stout',                            
                             'Haettenschweiler', 'Harlow                       
                             Solid', 'Harrington', 'High                       
                             Tower Text', 'Impact',                            
                             'Imprint MT Shadow', 'Informal                    
                             Roman', 'Ink Free', 'Javanese                     
                             Text', 'Jokerman', 'Juice                         
                             ITC', 'Kristen ITC', 'Kunstler                    
                             Script', 'Leelawadee',                            
                             'Leelawadee UI', 'Lucida                          
                             Bright', 'Lucida Calligraphy',                    
                             'Lucida Console', 'Lucida                         
                             Fax', 'Lucida Handwriting',                       
                             'Lucida Sans', 'Lucida Sans                       
                             Typewriter', 'Lucida Sans                         
                             Unicode', 'MS Gothic', 'MS                        
                             PGothic', 'MS Reference Sans                      
                             Serif', 'MS UI Gothic', 'MV                       
                             Boli', 'Magneto', 'Maiandra                       
                             GD', 'Malgun Gothic', 'Matura                     
                             MT Script Capitals',                              
                             'Microsoft Himalaya',                             
                             'Microsoft JhengHei',                             
                             'Microsoft JhengHei UI',                          
                             'Microsoft New Tai Lue',                          
                             'Microsoft PhagsPa',                              
                             'Microsoft Sans Serif',                           
                             'Microsoft Tai Le', 'Microsoft                    
                             Uighur', 'Microsoft YaHei',                       
                             'Microsoft YaHei UI',                             
                             'Microsoft Yi Baiti',                             
                             'MingLiU-ExtB',                                   
                             'MingLiU_HKSCS-ExtB',                             
                             'MingLiU_MSCS-ExtB',                              
                             'Mistral', 'Modern No. 20',                       
                             'Mongolian Baiti',                                
                             'Monospace', 'Monotype                            
                             Corsiva', 'Myanmar Text',                         
                             'NSimSun', 'Niagara Engraved',                    
                             'Niagara Solid', 'Nirmala                         
                             Text', 'Nirmala UI', 'OCR A',                     
                             'Old English Text MT', 'Onyx',                    
                             'PMingLiU-ExtB', 'Palace                          
                             Script MT', 'Palatino                             
                             Linotype', 'Papyrus',                             
                             'Parchment', 'Perpetua',                          
                             'Perpetua Titling MT',                            
                             'Playbill', 'Poor Richard',                       
                             'Pristina', 'Rage', 'Ravie',                      
                             'Rockwell', 'Sans', 'Sans                         
                             Serif Collection',                                
                             'Sans-Serif', 'Script MT',                        
                             'Segoe Print', 'Segoe Script',                    
                             'Segoe UI', 'Segoe UI Emoji',                     
                             'Segoe UI Historic', 'Segoe UI                    
                             Symbol', 'Segoe UI Variable                       
                             Display', 'Segoe UI Variable                      
                             Small', 'Segoe UI Variable                        
                             Text', 'Serif', 'Showcard                         
                             Gothic', 'SimSun',                                
                             'SimSun-ExtB', 'SimSun-ExtG',                     
                             'Sitka Banner', 'Sitka                            
                             Display', 'Sitka Heading',                        
                             'Sitka Small', 'Sitka                             
                             Subheading', 'Sitka Text',                        
                             'Snap ITC', 'Stencil',                            
                             'Sylfaen', 'System-ui',                           
                             'Tahoma', 'Tempus Sans ITC',                      
                             'Times New Roman', 'Trebuchet                     
                             MS', 'Tw Cen MT', 'Verdana',                      
                             'Viner Hand ITC', 'Vivaldi',                      
                             'Vladimir Script', 'Wide                          
                             Latin', 'Yu Gothic', 'Yu                          
                             Gothic UI'].                                      
                    INFO     Animation 95 : Using cached   cairo_renderer.py:94
                             data (hash :                                      
                             1600912824_2569661869_3560054                     
                             285)                                              
                    INFO     Animation 96 : Using cached   cairo_renderer.py:94
                             data (hash :                                      
                             1600912824_3366045169_2822346                     
                             0)                                                
                    INFO     Animation 97 : Using cached   cairo_renderer.py:94
                             data (hash :                                      
                             1600912824_881227087_40193346                     
                             69)                                               
[06/04/26 16:06:10] INFO     Animation 98 : Partial    scene_file_writer.py:601
                             movie file written in                             
                             'C:\Users\Coschool\manima                         
                             tions\media\videos\script                         
                             _3__cc_01_laws_of_ex_pac0                         
                             \720p30\partial_movie_fil                         
                             es\Script3Cc01LawsOfExpon                         
                             entsForRealNumbersScene\1                         
                             600912824_3788489442_1932                         
                             531448.mp4'                                       
[06/04/26 16:06:11] INFO     Automatically converted   scene_file_writer.py:394
                             C:\Users\Coschool\manimat                         
                             ions\media\voiceovers\let                         
                             -s-see-an-example-questio                         
                             n-simplify-3-squared-4c69                         
                             403f.mp3 to .wav                                  
                    INFO     Animation 99 : Using cached   cairo_renderer.py:94
                             data (hash :                                      
                             1600912824_4195239928_3026816                     
                             548)                                              
                    WARNING  Font Poppins not in ['Agency   text_mobject.py:464
                             FB', 'Algerian', 'Arial',                         
                             'Arial Rounded MT',                               
                             'Bahnschrift', 'Baskerville                       
                             Old Face', 'Bauhaus 93', 'Bell                    
                             MT', 'Berlin Sans FB',                            
                             'Bernard MT', 'Blackadder                         
                             ITC', 'Bodoni MT', 'Bodoni MT                     
                             Poster', 'Book Antiqua',                          
                             'Bookman Old Style', 'Bradley                     
                             Hand ITC', 'Britannic',                           
                             'Broadway', 'Brush Script MT',                    
                             'Calibri', 'Californian FB',                      
                             'Calisto MT', 'Cambria',                          
                             'Cambria Math', 'Candara',                        
                             'Cascadia Code', 'Cascadia                        
                             Mono', 'Castellar', 'Centaur',                    
                             'Century', 'Century Gothic',                      
                             'Century Schoolbook',                             
                             'Chiller', 'Colonna MT',                          
                             'Comic Sans MS', 'Consolas',                      
                             'Constantia', 'Cooper',                           
                             'Copperplate Gothic',                             
                             'Corbel', 'Courier New',                          
                             'Curlz MT', 'Cursive',                            
                             'Dubai', 'Ebrima', 'Edwardian                     
                             Script ITC', 'Elephant',                          
                             'Engravers MT', 'Eras ITC',                       
                             'Fantasy', 'Felix Titling',                       
                             'Footlight MT', 'Forte',                          
                             'Franklin Gothic', 'Franklin                      
                             Gothic Book', 'Freestyle                          
                             Script', 'French Script MT',                      
                             'Gabriola', 'Gadugi',                             
                             'Garamond', 'Georgia', 'Gigi',                    
                             'Gill Sans', 'Gill Sans MT',                      
                             'Gloucester MT', 'Goudy Old                       
                             Style', 'Goudy Stout',                            
                             'Haettenschweiler', 'Harlow                       
                             Solid', 'Harrington', 'High                       
                             Tower Text', 'Impact',                            
                             'Imprint MT Shadow', 'Informal                    
                             Roman', 'Ink Free', 'Javanese                     
                             Text', 'Jokerman', 'Juice                         
                             ITC', 'Kristen ITC', 'Kunstler                    
                             Script', 'Leelawadee',                            
                             'Leelawadee UI', 'Lucida                          
                             Bright', 'Lucida Calligraphy',                    
                             'Lucida Console', 'Lucida                         
                             Fax', 'Lucida Handwriting',                       
                             'Lucida Sans', 'Lucida Sans                       
                             Typewriter', 'Lucida Sans                         
                             Unicode', 'MS Gothic', 'MS                        
                             PGothic', 'MS Reference Sans                      
                             Serif', 'MS UI Gothic', 'MV                       
                             Boli', 'Magneto', 'Maiandra                       
                             GD', 'Malgun Gothic', 'Matura                     
                             MT Script Capitals',                              
                             'Microsoft Himalaya',                             
                             'Microsoft JhengHei',                             
                             'Microsoft JhengHei UI',                          
                             'Microsoft New Tai Lue',                          
                             'Microsoft PhagsPa',                              
                             'Microsoft Sans Serif',                           
                             'Microsoft Tai Le', 'Microsoft                    
                             Uighur', 'Microsoft YaHei',                       
                             'Microsoft YaHei UI',                             
                             'Microsoft Yi Baiti',                             
                             'MingLiU-ExtB',                                   
                             'MingLiU_HKSCS-ExtB',                             
                             'MingLiU_MSCS-ExtB',                              
                             'Mistral', 'Modern No. 20',                       
                             'Mongolian Baiti',                                
                             'Monospace', 'Monotype                            
                             Corsiva', 'Myanmar Text',                         
                             'NSimSun', 'Niagara Engraved',                    
                             'Niagara Solid', 'Nirmala                         
                             Text', 'Nirmala UI', 'OCR A',                     
                             'Old English Text MT', 'Onyx',                    
                             'PMingLiU-ExtB', 'Palace                          
                             Script MT', 'Palatino                             
                             Linotype', 'Papyrus',                             
                             'Parchment', 'Perpetua',                          
                             'Perpetua Titling MT',                            
                             'Playbill', 'Poor Richard',                       
                             'Pristina', 'Rage', 'Ravie',                      
                             'Rockwell', 'Sans', 'Sans                         
                             Serif Collection',                                
                             'Sans-Serif', 'Script MT',                        
                             'Segoe Print', 'Segoe Script',                    
                             'Segoe UI', 'Segoe UI Emoji',                     
                             'Segoe UI Historic', 'Segoe UI                    
                             Symbol', 'Segoe UI Variable                       
                             Display', 'Segoe UI Variable                      
                             Small', 'Segoe UI Variable                        
                             Text', 'Serif', 'Showcard                         
                             Gothic', 'SimSun',                                
                             'SimSun-ExtB', 'SimSun-ExtG',                     
                             'Sitka Banner', 'Sitka                            
                             Display', 'Sitka Heading',                        
                             'Sitka Small', 'Sitka                             
                             Subheading', 'Sitka Text',                        
                             'Snap ITC', 'Stencil',                            
                             'Sylfaen', 'System-ui',                           
                             'Tahoma', 'Tempus Sans ITC',                      
                             'Times New Roman', 'Trebuchet                     
                             MS', 'Tw Cen MT', 'Verdana',                      
                             'Viner Hand ITC', 'Vivaldi',                      
                             'Vladimir Script', 'Wide                          
                             Latin', 'Yu Gothic', 'Yu                          
                             Gothic UI'].                                      
                    INFO     Animation 100 : Using cached  cairo_renderer.py:94
                             data (hash :                                      
                             1600912824_1210157653_1330165                     
                             816)                                              
                    WARNING  Font Poppins not in ['Agency   text_mobject.py:464
                             FB', 'Algerian', 'Arial',                         
                             'Arial Rounded MT',                               
                             'Bahnschrift', 'Baskerville                       
                             Old Face', 'Bauhaus 93', 'Bell                    
                             MT', 'Berlin Sans FB',                            
                             'Bernard MT', 'Blackadder                         
                             ITC', 'Bodoni MT', 'Bodoni MT                     
                             Poster', 'Book Antiqua',                          
                             'Bookman Old Style', 'Bradley                     
                             Hand ITC', 'Britannic',                           
                             'Broadway', 'Brush Script MT',                    
                             'Calibri', 'Californian FB',                      
                             'Calisto MT', 'Cambria',                          
                             'Cambria Math', 'Candara',                        
                             'Cascadia Code', 'Cascadia                        
                             Mono', 'Castellar', 'Centaur',                    
                             'Century', 'Century Gothic',                      
                             'Century Schoolbook',                             
                             'Chiller', 'Colonna MT',                          
                             'Comic Sans MS', 'Consolas',                      
                             'Constantia', 'Cooper',                           
                             'Copperplate Gothic',                             
                             'Corbel', 'Courier New',                          
                             'Curlz MT', 'Cursive',                            
                             'Dubai', 'Ebrima', 'Edwardian                     
                             Script ITC', 'Elephant',                          
                             'Engravers MT', 'Eras ITC',                       
                             'Fantasy', 'Felix Titling',                       
                             'Footlight MT', 'Forte',                          
                             'Franklin Gothic', 'Franklin                      
                             Gothic Book', 'Freestyle                          
                             Script', 'French Script MT',                      
                             'Gabriola', 'Gadugi',                             
                             'Garamond', 'Georgia', 'Gigi',                    
                             'Gill Sans', 'Gill Sans MT',                      
                             'Gloucester MT', 'Goudy Old                       
                             Style', 'Goudy Stout',                            
                             'Haettenschweiler', 'Harlow                       
                             Solid', 'Harrington', 'High                       
                             Tower Text', 'Impact',                            
                             'Imprint MT Shadow', 'Informal                    
                             Roman', 'Ink Free', 'Javanese                     
                             Text', 'Jokerman', 'Juice                         
                             ITC', 'Kristen ITC', 'Kunstler                    
                             Script', 'Leelawadee',                            
                             'Leelawadee UI', 'Lucida                          
                             Bright', 'Lucida Calligraphy',                    
                             'Lucida Console', 'Lucida                         
                             Fax', 'Lucida Handwriting',                       
                             'Lucida Sans', 'Lucida Sans                       
                             Typewriter', 'Lucida Sans                         
                             Unicode', 'MS Gothic', 'MS                        
                             PGothic', 'MS Reference Sans                      
                             Serif', 'MS UI Gothic', 'MV                       
                             Boli', 'Magneto', 'Maiandra                       
                             GD', 'Malgun Gothic', 'Matura                     
                             MT Script Capitals',                              
                             'Microsoft Himalaya',                             
                             'Microsoft JhengHei',                             
                             'Microsoft JhengHei UI',                          
                             'Microsoft New Tai Lue',                          
                             'Microsoft PhagsPa',                              
                             'Microsoft Sans Serif',                           
                             'Microsoft Tai Le', 'Microsoft                    
                             Uighur', 'Microsoft YaHei',                       
                             'Microsoft YaHei UI',                             
                             'Microsoft Yi Baiti',                             
                             'MingLiU-ExtB',                                   
                             'MingLiU_HKSCS-ExtB',                             
                             'MingLiU_MSCS-ExtB',                              
                             'Mistral', 'Modern No. 20',                       
                             'Mongolian Baiti',                                
                             'Monospace', 'Monotype                            
                             Corsiva', 'Myanmar Text',                         
                             'NSimSun', 'Niagara Engraved',                    
                             'Niagara Solid', 'Nirmala                         
                             Text', 'Nirmala UI', 'OCR A',                     
                             'Old English Text MT', 'Onyx',                    
                             'PMingLiU-ExtB', 'Palace                          
                             Script MT', 'Palatino                             
                             Linotype', 'Papyrus',                             
                             'Parchment', 'Perpetua',                          
                             'Perpetua Titling MT',                            
                             'Playbill', 'Poor Richard',                       
                             'Pristina', 'Rage', 'Ravie',                      
                             'Rockwell', 'Sans', 'Sans                         
                             Serif Collection',                                
                             'Sans-Serif', 'Script MT',                        
                             'Segoe Print', 'Segoe Script',                    
                             'Segoe UI', 'Segoe UI Emoji',                     
                             'Segoe UI Historic', 'Segoe UI                    
                             Symbol', 'Segoe UI Variable                       
                             Display', 'Segoe UI Variable                      
                             Small', 'Segoe UI Variable                        
                             Text', 'Serif', 'Showcard                         
                             Gothic', 'SimSun',                                
                             'SimSun-ExtB', 'SimSun-ExtG',                     
                             'Sitka Banner', 'Sitka                            
                             Display', 'Sitka Heading',                        
                             'Sitka Small', 'Sitka                             
                             Subheading', 'Sitka Text',                        
                             'Snap ITC', 'Stencil',                            
                             'Sylfaen', 'System-ui',                           
                             'Tahoma', 'Tempus Sans ITC',                      
                             'Times New Roman', 'Trebuchet                     
                             MS', 'Tw Cen MT', 'Verdana',                      
                             'Viner Hand ITC', 'Vivaldi',                      
                             'Vladimir Script', 'Wide                          
                             Latin', 'Yu Gothic', 'Yu                          
                             Gothic UI'].                                      
                    INFO     Animation 101 : Using cached  cairo_renderer.py:94
                             data (hash :                                      
                             1600912824_3600692603_1555002                     
                             399)                                              
[06/04/26 16:06:12] INFO     Animation 102 : Using cached  cairo_renderer.py:94
                             data (hash :                                      
                             1600912824_3366045169_2542893                     
                             681)                                              
[06/04/26 16:06:14] INFO     Animation 103 : Partial   scene_file_writer.py:601
                             movie file written in                             
                             'C:\Users\Coschool\manima                         
                             tions\media\videos\script                         
                             _3__cc_01_laws_of_ex_pac0                         
                             \720p30\partial_movie_fil                         
                             es\Script3Cc01LawsOfExpon                         
                             entsForRealNumbersScene\1                         
                             600912824_1964392563_8861                         
                             9114.mp4'                                         
[06/04/26 16:06:17] INFO     HTTP Request: POST                 _client.py:1025
                             https://api.openai.com/v1/audio/sp                
                             eech "HTTP/1.1 200 OK"                            
Detected language: english
[06/04/26 16:06:34] INFO     Transcription:  Solution. Using product base.py:98
                             of powers, we add exponents. 2 plus 4             
                             equals 6.                                         
                    INFO     Automatically converted   scene_file_writer.py:394
                             C:\Users\Coschool\manimat                         
                             ions\media\voiceovers\sol                         
                             ution-using-product-of-po                         
                             wers-we-add-exponents-ee8                         
                             bc24c.mp3 to .wav                                 
[06/04/26 16:06:35] INFO     Animation 104 : Partial   scene_file_writer.py:601
                             movie file written in                             
                             'C:\Users\Coschool\manima                         
                             tions\media\videos\script                         
                             _3__cc_01_laws_of_ex_pac0                         
                             \720p30\partial_movie_fil                         
                             es\Script3Cc01LawsOfExpon                         
                             entsForRealNumbersScene\1                         
                             600912824_243393126_22585                         
                             75679.mp4'                                        
                    WARNING  Font Poppins not in ['Agency   text_mobject.py:464
                             FB', 'Algerian', 'Arial',                         
                             'Arial Rounded MT',                               
                             'Bahnschrift', 'Baskerville                       
                             Old Face', 'Bauhaus 93', 'Bell                    
                             MT', 'Berlin Sans FB',                            
                             'Bernard MT', 'Blackadder                         
                             ITC', 'Bodoni MT', 'Bodoni MT                     
                             Poster', 'Book Antiqua',                          
                             'Bookman Old Style', 'Bradley                     
                             Hand ITC', 'Britannic',                           
                             'Broadway', 'Brush Script MT',                    
                             'Calibri', 'Californian FB',                      
                             'Calisto MT', 'Cambria',                          
                             'Cambria Math', 'Candara',                        
                             'Cascadia Code', 'Cascadia                        
                             Mono', 'Castellar', 'Centaur',                    
                             'Century', 'Century Gothic',                      
                             'Century Schoolbook',                             
                             'Chiller', 'Colonna MT',                          
                             'Comic Sans MS', 'Consolas',                      
                             'Constantia', 'Cooper',                           
                             'Copperplate Gothic',                             
                             'Corbel', 'Courier New',                          
                             'Curlz MT', 'Cursive',                            
                             'Dubai', 'Ebrima', 'Edwardian                     
                             Script ITC', 'Elephant',                          
                             'Engravers MT', 'Eras ITC',                       
                             'Fantasy', 'Felix Titling',                       
                             'Footlight MT', 'Forte',                          
                             'Franklin Gothic', 'Franklin                      
                             Gothic Book', 'Freestyle                          
                             Script', 'French Script MT',                      
                             'Gabriola', 'Gadugi',                             
                             'Garamond', 'Georgia', 'Gigi',                    
                             'Gill Sans', 'Gill Sans MT',                      
                             'Gloucester MT', 'Goudy Old                       
                             Style', 'Goudy Stout',                            
                             'Haettenschweiler', 'Harlow                       
                             Solid', 'Harrington', 'High                       
                             Tower Text', 'Impact',                            
                             'Imprint MT Shadow', 'Informal                    
                             Roman', 'Ink Free', 'Javanese                     
                             Text', 'Jokerman', 'Juice                         
                             ITC', 'Kristen ITC', 'Kunstler                    
                             Script', 'Leelawadee',                            
                             'Leelawadee UI', 'Lucida                          
                             Bright', 'Lucida Calligraphy',                    
                             'Lucida Console', 'Lucida                         
                             Fax', 'Lucida Handwriting',                       
                             'Lucida Sans', 'Lucida Sans                       
                             Typewriter', 'Lucida Sans                         
                             Unicode', 'MS Gothic', 'MS                        
                             PGothic', 'MS Reference Sans                      
                             Serif', 'MS UI Gothic', 'MV                       
                             Boli', 'Magneto', 'Maiandra                       
                             GD', 'Malgun Gothic', 'Matura                     
                             MT Script Capitals',                              
                             'Microsoft Himalaya',                             
                             'Microsoft JhengHei',                             
                             'Microsoft JhengHei UI',                          
                             'Microsoft New Tai Lue',                          
                             'Microsoft PhagsPa',                              
                             'Microsoft Sans Serif',                           
                             'Microsoft Tai Le', 'Microsoft                    
                             Uighur', 'Microsoft YaHei',                       
                             'Microsoft YaHei UI',                             
                             'Microsoft Yi Baiti',                             
                             'MingLiU-ExtB',                                   
                             'MingLiU_HKSCS-ExtB',                             
                             'MingLiU_MSCS-ExtB',                              
                             'Mistral', 'Modern No. 20',                       
                             'Mongolian Baiti',                                
                             'Monospace', 'Monotype                            
                             Corsiva', 'Myanmar Text',                         
                             'NSimSun', 'Niagara Engraved',                    
                             'Niagara Solid', 'Nirmala                         
                             Text', 'Nirmala UI', 'OCR A',                     
                             'Old English Text MT', 'Onyx',                    
                             'PMingLiU-ExtB', 'Palace                          
                             Script MT', 'Palatino                             
                             Linotype', 'Papyrus',                             
                             'Parchment', 'Perpetua',                          
                             'Perpetua Titling MT',                            
                             'Playbill', 'Poor Richard',                       
                             'Pristina', 'Rage', 'Ravie',                      
                             'Rockwell', 'Sans', 'Sans                         
                             Serif Collection',                                
                             'Sans-Serif', 'Script MT',                        
                             'Segoe Print', 'Segoe Script',                    
                             'Segoe UI', 'Segoe UI Emoji',                     
                             'Segoe UI Historic', 'Segoe UI                    
                             Symbol', 'Segoe UI Variable                       
                             Display', 'Segoe UI Variable                      
                             Small', 'Segoe UI Variable                        
                             Text', 'Serif', 'Showcard                         
                             Gothic', 'SimSun',                                
                             'SimSun-ExtB', 'SimSun-ExtG',                     
                             'Sitka Banner', 'Sitka                            
                             Display', 'Sitka Heading',                        
                             'Sitka Small', 'Sitka                             
                             Subheading', 'Sitka Text',                        
                             'Snap ITC', 'Stencil',                            
                             'Sylfaen', 'System-ui',                           
                             'Tahoma', 'Tempus Sans ITC',                      
                             'Times New Roman', 'Trebuchet                     
                             MS', 'Tw Cen MT', 'Verdana',                      
                             'Viner Hand ITC', 'Vivaldi',                      
                             'Vladimir Script', 'Wide                          
                             Latin', 'Yu Gothic', 'Yu                          
                             Gothic UI'].                                      
[06/04/26 16:06:37] INFO     Animation 105 : Partial   scene_file_writer.py:601
                             movie file written in                             
                             'C:\Users\Coschool\manima                         
                             tions\media\videos\script                         
                             _3__cc_01_laws_of_ex_pac0                         
                             \720p30\partial_movie_fil                         
                             es\Script3Cc01LawsOfExpon                         
                             entsForRealNumbersScene\1                         
                             600912824_3219910501_3663                         
                             338046.mp4'                                       
                    WARNING  Font Poppins not in ['Agency   text_mobject.py:464
                             FB', 'Algerian', 'Arial',                         
                             'Arial Rounded MT',                               
                             'Bahnschrift', 'Baskerville                       
                             Old Face', 'Bauhaus 93', 'Bell                    
                             MT', 'Berlin Sans FB',                            
                             'Bernard MT', 'Blackadder                         
                             ITC', 'Bodoni MT', 'Bodoni MT                     
                             Poster', 'Book Antiqua',                          
                             'Bookman Old Style', 'Bradley                     
                             Hand ITC', 'Britannic',                           
                             'Broadway', 'Brush Script MT',                    
                             'Calibri', 'Californian FB',                      
                             'Calisto MT', 'Cambria',                          
                             'Cambria Math', 'Candara',                        
                             'Cascadia Code', 'Cascadia                        
                             Mono', 'Castellar', 'Centaur',                    
                             'Century', 'Century Gothic',                      
                             'Century Schoolbook',                             
                             'Chiller', 'Colonna MT',                          
                             'Comic Sans MS', 'Consolas',                      
                             'Constantia', 'Cooper',                           
                             'Copperplate Gothic',                             
                             'Corbel', 'Courier New',                          
                             'Curlz MT', 'Cursive',                            
                             'Dubai', 'Ebrima', 'Edwardian                     
                             Script ITC', 'Elephant',                          
                             'Engravers MT', 'Eras ITC',                       
                             'Fantasy', 'Felix Titling',                       
                             'Footlight MT', 'Forte',                          
                             'Franklin Gothic', 'Franklin                      
                             Gothic Book', 'Freestyle                          
                             Script', 'French Script MT',                      
                             'Gabriola', 'Gadugi',                             
                             'Garamond', 'Georgia', 'Gigi',                    
                             'Gill Sans', 'Gill Sans MT',                      
                             'Gloucester MT', 'Goudy Old                       
                             Style', 'Goudy Stout',                            
                             'Haettenschweiler', 'Harlow                       
                             Solid', 'Harrington', 'High                       
                             Tower Text', 'Impact',                            
                             'Imprint MT Shadow', 'Informal                    
                             Roman', 'Ink Free', 'Javanese                     
                             Text', 'Jokerman', 'Juice                         
                             ITC', 'Kristen ITC', 'Kunstler                    
                             Script', 'Leelawadee',                            
                             'Leelawadee UI', 'Lucida                          
                             Bright', 'Lucida Calligraphy',                    
                             'Lucida Console', 'Lucida                         
                             Fax', 'Lucida Handwriting',                       
                             'Lucida Sans', 'Lucida Sans                       
                             Typewriter', 'Lucida Sans                         
                             Unicode', 'MS Gothic', 'MS                        
                             PGothic', 'MS Reference Sans                      
                             Serif', 'MS UI Gothic', 'MV                       
                             Boli', 'Magneto', 'Maiandra                       
                             GD', 'Malgun Gothic', 'Matura                     
                             MT Script Capitals',                              
                             'Microsoft Himalaya',                             
                             'Microsoft JhengHei',                             
                             'Microsoft JhengHei UI',                          
                             'Microsoft New Tai Lue',                          
                             'Microsoft PhagsPa',                              
                             'Microsoft Sans Serif',                           
                             'Microsoft Tai Le', 'Microsoft                    
                             Uighur', 'Microsoft YaHei',                       
                             'Microsoft YaHei UI',                             
                             'Microsoft Yi Baiti',                             
                             'MingLiU-ExtB',                                   
                             'MingLiU_HKSCS-ExtB',                             
                             'MingLiU_MSCS-ExtB',                              
                             'Mistral', 'Modern No. 20',                       
                             'Mongolian Baiti',                                
                             'Monospace', 'Monotype                            
                             Corsiva', 'Myanmar Text',                         
                             'NSimSun', 'Niagara Engraved',                    
                             'Niagara Solid', 'Nirmala                         
                             Text', 'Nirmala UI', 'OCR A',                     
                             'Old English Text MT', 'Onyx',                    
                             'PMingLiU-ExtB', 'Palace                          
                             Script MT', 'Palatino                             
                             Linotype', 'Papyrus',                             
                             'Parchment', 'Perpetua',                          
                             'Perpetua Titling MT',                            
                             'Playbill', 'Poor Richard',                       
                             'Pristina', 'Rage', 'Ravie',                      
                             'Rockwell', 'Sans', 'Sans                         
                             Serif Collection',                                
                             'Sans-Serif', 'Script MT',                        
                             'Segoe Print', 'Segoe Script',                    
                             'Segoe UI', 'Segoe UI Emoji',                     
                             'Segoe UI Historic', 'Segoe UI                    
                             Symbol', 'Segoe UI Variable                       
                             Display', 'Segoe UI Variable                      
                             Small', 'Segoe UI Variable                        
                             Text', 'Serif', 'Showcard                         
                             Gothic', 'SimSun',                                
                             'SimSun-ExtB', 'SimSun-ExtG',                     
                             'Sitka Banner', 'Sitka                            
                             Display', 'Sitka Heading',                        
                             'Sitka Small', 'Sitka                             
                             Subheading', 'Sitka Text',                        
                             'Snap ITC', 'Stencil',                            
                             'Sylfaen', 'System-ui',                           
                             'Tahoma', 'Tempus Sans ITC',                      
                             'Times New Roman', 'Trebuchet                     
                             MS', 'Tw Cen MT', 'Verdana',                      
                             'Viner Hand ITC', 'Vivaldi',                      
                             'Vladimir Script', 'Wide                          
                             Latin', 'Yu Gothic', 'Yu                          
                             Gothic UI'].                                      
[06/04/26 16:06:39] INFO     Animation 106 : Partial   scene_file_writer.py:601
                             movie file written in                             
                             'C:\Users\Coschool\manima                         
                             tions\media\videos\script                         
                             _3__cc_01_laws_of_ex_pac0                         
                             \720p30\partial_movie_fil                         
                             es\Script3Cc01LawsOfExpon                         
                             entsForRealNumbersScene\1                         
                             600912824_602576611_19257                         
                             02880.mp4'                                        
                    INFO     Writing                    tex_file_writing.py:110
                             \special{dvisvgm:raw <g                           
                             id='unique000'>}2                                 
                             \special{dvisvgm:raw                              
                             </g>}\special{dvisvgm:raw                         
                             <g id='unique001'>}+                              
                             \special{dvisvgm:raw                              
                             </g>}\special{dvisvgm:raw                         
                             <g id='unique002'>}4                              
                             \special{dvisvgm:raw                              
                             </g>}\special{dvisvgm:raw                         
                             <g id='unique003'>}=                              
                             \special{dvisvgm:raw                              
                             </g>}\special{dvisvgm:raw                         
                             <g                                                
                             id='unique004'>}6\special{                        
                             dvisvgm:raw </g>} to                              
                             C:\Users\Coschool\manimati                        
                             ons\media\Tex\89c2c17b3146                        
                             00f6.tex                                          
[06/04/26 16:06:41] INFO     Animation 107 : Partial   scene_file_writer.py:601
                             movie file written in                             
                             'C:\Users\Coschool\manima                         
                             tions\media\videos\script                         
                             _3__cc_01_laws_of_ex_pac0                         
                             \720p30\partial_movie_fil                         
                             es\Script3Cc01LawsOfExpon                         
                             entsForRealNumbersScene\1                         
                             600912824_3381926289_1277                         
                             076650.mp4'                                       
[06/04/26 16:06:43] INFO     Animation 108 : Partial   scene_file_writer.py:601
                             movie file written in                             
                             'C:\Users\Coschool\manima                         
                             tions\media\videos\script                         
                             _3__cc_01_laws_of_ex_pac0                         
                             \720p30\partial_movie_fil                         
                             es\Script3Cc01LawsOfExpon                         
                             entsForRealNumbersScene\1                         
                             600912824_4217992463_2634                         
                             394179.mp4'                                       
[06/04/26 16:06:46] INFO     Animation 109 : Partial   scene_file_writer.py:601
                             movie file written in                             
                             'C:\Users\Coschool\manima                         
                             tions\media\videos\script                         
                             _3__cc_01_laws_of_ex_pac0                         
                             \720p30\partial_movie_fil                         
                             es\Script3Cc01LawsOfExpon                         
                             entsForRealNumbersScene\1                         
                             600912824_14137263_389525                         
                             8103.mp4'                                         
[06/04/26 16:06:47] INFO     HTTP Request: POST                 _client.py:1025
                             https://api.openai.com/v1/audio/sp                
                             eech "HTTP/1.1 200 OK"                            
Detected language: english
[06/04/26 16:06:57] INFO     Transcription:  Therefore, the answer   base.py:98
                             is 3 to the power of 6.                           
[06/04/26 16:06:58] INFO     Automatically converted   scene_file_writer.py:394
                             C:\Users\Coschool\manimat                         
                             ions\media\voiceovers\the                         
                             refore-the-answer-is-3-to                         
                             -the-power-of-6-break-e76                         
                             a9fb1.mp3 to .wav                                 
[06/04/26 16:06:59] INFO     Animation 110 : Partial   scene_file_writer.py:601
                             movie file written in                             
                             'C:\Users\Coschool\manima                         
                             tions\media\videos\script                         
                             _3__cc_01_laws_of_ex_pac0                         
                             \720p30\partial_movie_fil                         
                             es\Script3Cc01LawsOfExpon                         
                             entsForRealNumbersScene\1                         
                             600912824_1103605567_7591                         
                             14263.mp4'                                        
                    INFO     Writing                    tex_file_writing.py:110
                             \special{dvisvgm:raw <g                           
                             id='unique000'>}3                                 
                             \special{dvisvgm:raw                              
                             </g>}\special{dvisvgm:raw                         
                             <g                                                
                             id='unique001'>}^6\special                        
                             {dvisvgm:raw </g>} to                             
                             C:\Users\Coschool\manimati                        
                             ons\media\Tex\256cc70a9036                        
                             c619.tex                                          
[06/04/26 16:07:01] INFO     Animation 111 : Partial   scene_file_writer.py:601
                             movie file written in                             
                             'C:\Users\Coschool\manima                         
                             tions\media\videos\script                         
                             _3__cc_01_laws_of_ex_pac0                         
                             \720p30\partial_movie_fil                         
                             es\Script3Cc01LawsOfExpon                         
                             entsForRealNumbersScene\1                         
                             600912824_194994789_46689                         
                             493.mp4'                                          
[06/04/26 16:07:02] INFO     Animation 112 : Partial   scene_file_writer.py:601
                             movie file written in                             
                             'C:\Users\Coschool\manima                         
                             tions\media\videos\script                         
                             _3__cc_01_laws_of_ex_pac0                         
                             \720p30\partial_movie_fil                         
                             es\Script3Cc01LawsOfExpon                         
                             entsForRealNumbersScene\1                         
                             600912824_4217992463_1386                         
                             054847.mp4'                                       
[06/04/26 16:07:04] INFO     Animation 113 : Partial   scene_file_writer.py:601
                             movie file written in                             
                             'C:\Users\Coschool\manima                         
                             tions\media\videos\script                         
                             _3__cc_01_laws_of_ex_pac0                         
                             \720p30\partial_movie_fil                         
                             es\Script3Cc01LawsOfExpon                         
                             entsForRealNumbersScene\1                         
                             600912824_107077216_22203                         
                             17703.mp4'                                        
[06/04/26 16:07:05] INFO     HTTP Request: POST                 _client.py:1025
                             https://api.openai.com/v1/audio/sp                
                             eech "HTTP/1.1 200 OK"                            
Detected language: english
[06/04/26 16:07:15] INFO     Transcription:  So those bacteria       base.py:98
                             doubling eight times, that's simply two           
                             to the power of eight.                            
                    INFO     Automatically converted   scene_file_writer.py:394
                             C:\Users\Coschool\manimat                         
                             ions\media\voiceovers\so-                         
                             those-bacteria-doubling-8                         
                             -times-that-s-simply-2-b9                         
                             7dc71c.mp3 to .wav                                
[06/04/26 16:07:16] INFO     Animation 114 : Partial   scene_file_writer.py:601
                             movie file written in                             
                             'C:\Users\Coschool\manima                         
                             tions\media\videos\script                         
                             _3__cc_01_laws_of_ex_pac0                         
                             \720p30\partial_movie_fil                         
                             es\Script3Cc01LawsOfExpon                         
                             entsForRealNumbersScene\1                         
                             600912824_4195239928_2012                         
                             202447.mp4'                                       
[06/04/26 16:07:18] INFO     Animation 115 : Partial   scene_file_writer.py:601
                             movie file written in                             
                             'C:\Users\Coschool\manima                         
                             tions\media\videos\script                         
                             _3__cc_01_laws_of_ex_pac0                         
                             \720p30\partial_movie_fil                         
                             es\Script3Cc01LawsOfExpon                         
                             entsForRealNumbersScene\1                         
                             600912824_3367332599_2747                         
                             003447.mp4'                                       
                    INFO     Writing                    tex_file_writing.py:110
                             \special{dvisvgm:raw <g                           
                             id='unique000'>}2                                 
                             \special{dvisvgm:raw                              
                             </g>}\special{dvisvgm:raw                         
                             <g                                                
                             id='unique001'>}^8\special                        
                             {dvisvgm:raw </g>} to                             
                             C:\Users\Coschool\manimati                        
                             ons\media\Tex\98c9c5a11c44                        
                             80a2.tex                                          
[06/04/26 16:07:19] INFO     Animation 116 : Partial   scene_file_writer.py:601
                             movie file written in                             
                             'C:\Users\Coschool\manima                         
                             tions\media\videos\script                         
                             _3__cc_01_laws_of_ex_pac0                         
                             \720p30\partial_movie_fil                         
                             es\Script3Cc01LawsOfExpon                         
                             entsForRealNumbersScene\1                         
                             600912824_1342404217_1359                         
                             371055.mp4'                                       
[06/04/26 16:07:20] INFO     Animation 117 : Partial   scene_file_writer.py:601
                             movie file written in                             
                             'C:\Users\Coschool\manima                         
                             tions\media\videos\script                         
                             _3__cc_01_laws_of_ex_pac0                         
                             \720p30\partial_movie_fil                         
                             es\Script3Cc01LawsOfExpon                         
                             entsForRealNumbersScene\1                         
                             600912824_3366045169_2176                         
                             187938.mp4'                                       
[06/04/26 16:07:21] INFO     Animation 118 : Partial   scene_file_writer.py:601
                             movie file written in                             
                             'C:\Users\Coschool\manima                         
                             tions\media\videos\script                         
                             _3__cc_01_laws_of_ex_pac0                         
                             \720p30\partial_movie_fil                         
                             es\Script3Cc01LawsOfExpon                         
                             entsForRealNumbersScene\1                         
                             600912824_600459308_14285                         
                             0890.mp4'                                         
                    INFO     Animation 119 : Partial   scene_file_writer.py:601
                             movie file written in                             
                             'C:\Users\Coschool\manima                         
                             tions\media\videos\script                         
                             _3__cc_01_laws_of_ex_pac0                         
                             \720p30\partial_movie_fil                         
                             es\Script3Cc01LawsOfExpon                         
                             entsForRealNumbersScene\1                         
                             600912824_387077918_31024                         
                             59559.mp4'                                        
[06/04/26 16:07:23] INFO     HTTP Request: POST                 _client.py:1025
                             https://api.openai.com/v1/audio/sp                
                             eech "HTTP/1.1 200 OK"                            
Detected language: english
[06/04/26 16:07:35] INFO     Transcription:  Summary. Exponents show base.py:98
                             repeated multiplication with a base and           
                             power. Product of powers add exponents            
                             when multiplying same bases. Quotient             
                             of powers subtract exponents. Power of            
                             a power multiply exponents.                       
[06/04/26 16:07:36] INFO     Automatically converted   scene_file_writer.py:394
                             C:\Users\Coschool\manimat                         
                             ions\media\voiceovers\sum                         
                             mary-break-time-0-4s-expo                         
                             nents-show-repeated-4f656                         
                             741.mp3 to .wav                                   
                    INFO     Animation 120 : Partial   scene_file_writer.py:601
                             movie file written in                             
                             'C:\Users\Coschool\manima                         
                             tions\media\videos\script                         
                             _3__cc_01_laws_of_ex_pac0                         
                             \720p30\partial_movie_fil                         
                             es\Script3Cc01LawsOfExpon                         
                             entsForRealNumbersScene\1                         
                             600912824_1416307998_4102                         
                             537644.mp4'                                       
                    WARNING  Font Poppins not in ['Agency   text_mobject.py:464
                             FB', 'Algerian', 'Arial',                         
                             'Arial Rounded MT',                               
                             'Bahnschrift', 'Baskerville                       
                             Old Face', 'Bauhaus 93', 'Bell                    
                             MT', 'Berlin Sans FB',                            
                             'Bernard MT', 'Blackadder                         
                             ITC', 'Bodoni MT', 'Bodoni MT                     
                             Poster', 'Book Antiqua',                          
                             'Bookman Old Style', 'Bradley                     
                             Hand ITC', 'Britannic',                           
                             'Broadway', 'Brush Script MT',                    
                             'Calibri', 'Californian FB',                      
                             'Calisto MT', 'Cambria',                          
                             'Cambria Math', 'Candara',                        
                             'Cascadia Code', 'Cascadia                        
                             Mono', 'Castellar', 'Centaur',                    
                             'Century', 'Century Gothic',                      
                             'Century Schoolbook',                             
                             'Chiller', 'Colonna MT',                          
                             'Comic Sans MS', 'Consolas',                      
                             'Constantia', 'Cooper',                           
                             'Copperplate Gothic',                             
                             'Corbel', 'Courier New',                          
                             'Curlz MT', 'Cursive',                            
                             'Dubai', 'Ebrima', 'Edwardian                     
                             Script ITC', 'Elephant',                          
                             'Engravers MT', 'Eras ITC',                       
                             'Fantasy', 'Felix Titling',                       
                             'Footlight MT', 'Forte',                          
                             'Franklin Gothic', 'Franklin                      
                             Gothic Book', 'Freestyle                          
                             Script', 'French Script MT',                      
                             'Gabriola', 'Gadugi',                             
                             'Garamond', 'Georgia', 'Gigi',                    
                             'Gill Sans', 'Gill Sans MT',                      
                             'Gloucester MT', 'Goudy Old                       
                             Style', 'Goudy Stout',                            
                             'Haettenschweiler', 'Harlow                       
                             Solid', 'Harrington', 'High                       
                             Tower Text', 'Impact',                            
                             'Imprint MT Shadow', 'Informal                    
                             Roman', 'Ink Free', 'Javanese                     
                             Text', 'Jokerman', 'Juice                         
                             ITC', 'Kristen ITC', 'Kunstler                    
                             Script', 'Leelawadee',                            
                             'Leelawadee UI', 'Lucida                          
                             Bright', 'Lucida Calligraphy',                    
                             'Lucida Console', 'Lucida                         
                             Fax', 'Lucida Handwriting',                       
                             'Lucida Sans', 'Lucida Sans                       
                             Typewriter', 'Lucida Sans                         
                             Unicode', 'MS Gothic', 'MS                        
                             PGothic', 'MS Reference Sans                      
                             Serif', 'MS UI Gothic', 'MV                       
                             Boli', 'Magneto', 'Maiandra                       
                             GD', 'Malgun Gothic', 'Matura                     
                             MT Script Capitals',                              
                             'Microsoft Himalaya',                             
                             'Microsoft JhengHei',                             
                             'Microsoft JhengHei UI',                          
                             'Microsoft New Tai Lue',                          
                             'Microsoft PhagsPa',                              
                             'Microsoft Sans Serif',                           
                             'Microsoft Tai Le', 'Microsoft                    
                             Uighur', 'Microsoft YaHei',                       
                             'Microsoft YaHei UI',                             
                             'Microsoft Yi Baiti',                             
                             'MingLiU-ExtB',                                   
                             'MingLiU_HKSCS-ExtB',                             
                             'MingLiU_MSCS-ExtB',                              
                             'Mistral', 'Modern No. 20',                       
                             'Mongolian Baiti',                                
                             'Monospace', 'Monotype                            
                             Corsiva', 'Myanmar Text',                         
                             'NSimSun', 'Niagara Engraved',                    
                             'Niagara Solid', 'Nirmala                         
                             Text', 'Nirmala UI', 'OCR A',                     
                             'Old English Text MT', 'Onyx',                    
                             'PMingLiU-ExtB', 'Palace                          
                             Script MT', 'Palatino                             
                             Linotype', 'Papyrus',                             
                             'Parchment', 'Perpetua',                          
                             'Perpetua Titling MT',                            
                             'Playbill', 'Poor Richard',                       
                             'Pristina', 'Rage', 'Ravie',                      
                             'Rockwell', 'Sans', 'Sans                         
                             Serif Collection',                                
                             'Sans-Serif', 'Script MT',                        
                             'Segoe Print', 'Segoe Script',                    
                             'Segoe UI', 'Segoe UI Emoji',                     
                             'Segoe UI Historic', 'Segoe UI                    
                             Symbol', 'Segoe UI Variable                       
                             Display', 'Segoe UI Variable                      
                             Small', 'Segoe UI Variable                        
                             Text', 'Serif', 'Showcard                         
                             Gothic', 'SimSun',                                
                             'SimSun-ExtB', 'SimSun-ExtG',                     
                             'Sitka Banner', 'Sitka                            
                             Display', 'Sitka Heading',                        
                             'Sitka Small', 'Sitka                             
                             Subheading', 'Sitka Text',                        
                             'Snap ITC', 'Stencil',                            
                             'Sylfaen', 'System-ui',                           
                             'Tahoma', 'Tempus Sans ITC',                      
                             'Times New Roman', 'Trebuchet                     
                             MS', 'Tw Cen MT', 'Verdana',                      
                             'Viner Hand ITC', 'Vivaldi',                      
                             'Vladimir Script', 'Wide                          
                             Latin', 'Yu Gothic', 'Yu                          
                             Gothic UI'].                                      
[06/04/26 16:07:37] INFO     Animation 121 : Partial   scene_file_writer.py:601
                             movie file written in                             
                             'C:\Users\Coschool\manima                         
                             tions\media\videos\script                         
                             _3__cc_01_laws_of_ex_pac0                         
                             \720p30\partial_movie_fil                         
                             es\Script3Cc01LawsOfExpon                         
                             entsForRealNumbersScene\1                         
                             600912824_881523835_11948                         
                             93232.mp4'                                        
                    WARNING  Font Poppins not in ['Agency   text_mobject.py:464
                             FB', 'Algerian', 'Arial',                         
                             'Arial Rounded MT',                               
                             'Bahnschrift', 'Baskerville                       
                             Old Face', 'Bauhaus 93', 'Bell                    
                             MT', 'Berlin Sans FB',                            
                             'Bernard MT', 'Blackadder                         
                             ITC', 'Bodoni MT', 'Bodoni MT                     
                             Poster', 'Book Antiqua',                          
                             'Bookman Old Style', 'Bradley                     
                             Hand ITC', 'Britannic',                           
                             'Broadway', 'Brush Script MT',                    
                             'Calibri', 'Californian FB',                      
                             'Calisto MT', 'Cambria',                          
                             'Cambria Math', 'Candara',                        
                             'Cascadia Code', 'Cascadia                        
                             Mono', 'Castellar', 'Centaur',                    
                             'Century', 'Century Gothic',                      
                             'Century Schoolbook',                             
                             'Chiller', 'Colonna MT',                          
                             'Comic Sans MS', 'Consolas',                      
                             'Constantia', 'Cooper',                           
                             'Copperplate Gothic',                             
                             'Corbel', 'Courier New',                          
                             'Curlz MT', 'Cursive',                            
                             'Dubai', 'Ebrima', 'Edwardian                     
                             Script ITC', 'Elephant',                          
                             'Engravers MT', 'Eras ITC',                       
                             'Fantasy', 'Felix Titling',                       
                             'Footlight MT', 'Forte',                          
                             'Franklin Gothic', 'Franklin                      
                             Gothic Book', 'Freestyle                          
                             Script', 'French Script MT',                      
                             'Gabriola', 'Gadugi',                             
                             'Garamond', 'Georgia', 'Gigi',                    
                             'Gill Sans', 'Gill Sans MT',                      
                             'Gloucester MT', 'Goudy Old                       
                             Style', 'Goudy Stout',                            
                             'Haettenschweiler', 'Harlow                       
                             Solid', 'Harrington', 'High                       
                             Tower Text', 'Impact',                            
                             'Imprint MT Shadow', 'Informal                    
                             Roman', 'Ink Free', 'Javanese                     
                             Text', 'Jokerman', 'Juice                         
                             ITC', 'Kristen ITC', 'Kunstler                    
                             Script', 'Leelawadee',                            
                             'Leelawadee UI', 'Lucida                          
                             Bright', 'Lucida Calligraphy',                    
                             'Lucida Console', 'Lucida                         
                             Fax', 'Lucida Handwriting',                       
                             'Lucida Sans', 'Lucida Sans                       
                             Typewriter', 'Lucida Sans                         
                             Unicode', 'MS Gothic', 'MS                        
                             PGothic', 'MS Reference Sans                      
                             Serif', 'MS UI Gothic', 'MV                       
                             Boli', 'Magneto', 'Maiandra                       
                             GD', 'Malgun Gothic', 'Matura                     
                             MT Script Capitals',                              
                             'Microsoft Himalaya',                             
                             'Microsoft JhengHei',                             
                             'Microsoft JhengHei UI',                          
                             'Microsoft New Tai Lue',                          
                             'Microsoft PhagsPa',                              
                             'Microsoft Sans Serif',                           
                             'Microsoft Tai Le', 'Microsoft                    
                             Uighur', 'Microsoft YaHei',                       
                             'Microsoft YaHei UI',                             
                             'Microsoft Yi Baiti',                             
                             'MingLiU-ExtB',                                   
                             'MingLiU_HKSCS-ExtB',                             
                             'MingLiU_MSCS-ExtB',                              
                             'Mistral', 'Modern No. 20',                       
                             'Mongolian Baiti',                                
                             'Monospace', 'Monotype                            
                             Corsiva', 'Myanmar Text',                         
                             'NSimSun', 'Niagara Engraved',                    
                             'Niagara Solid', 'Nirmala                         
                             Text', 'Nirmala UI', 'OCR A',                     
                             'Old English Text MT', 'Onyx',                    
                             'PMingLiU-ExtB', 'Palace                          
                             Script MT', 'Palatino                             
                             Linotype', 'Papyrus',                             
                             'Parchment', 'Perpetua',                          
                             'Perpetua Titling MT',                            
                             'Playbill', 'Poor Richard',                       
                             'Pristina', 'Rage', 'Ravie',                      
                             'Rockwell', 'Sans', 'Sans                         
                             Serif Collection',                                
                             'Sans-Serif', 'Script MT',                        
                             'Segoe Print', 'Segoe Script',                    
                             'Segoe UI', 'Segoe UI Emoji',                     
                             'Segoe UI Historic', 'Segoe UI                    
                             Symbol', 'Segoe UI Variable                       
                             Display', 'Segoe UI Variable                      
                             Small', 'Segoe UI Variable                        
                             Text', 'Serif', 'Showcard                         
                             Gothic', 'SimSun',                                
                             'SimSun-ExtB', 'SimSun-ExtG',                     
                             'Sitka Banner', 'Sitka                            
                             Display', 'Sitka Heading',                        
                             'Sitka Small', 'Sitka                             
                             Subheading', 'Sitka Text',                        
                             'Snap ITC', 'Stencil',                            
                             'Sylfaen', 'System-ui',                           
                             'Tahoma', 'Tempus Sans ITC',                      
                             'Times New Roman', 'Trebuchet                     
                             MS', 'Tw Cen MT', 'Verdana',                      
                             'Viner Hand ITC', 'Vivaldi',                      
                             'Vladimir Script', 'Wide                          
                             Latin', 'Yu Gothic', 'Yu                          
                             Gothic UI'].                                      
                    WARNING  Font Poppins not in ['Agency   text_mobject.py:464
                             FB', 'Algerian', 'Arial',                         
                             'Arial Rounded MT',                               
                             'Bahnschrift', 'Baskerville                       
                             Old Face', 'Bauhaus 93', 'Bell                    
                             MT', 'Berlin Sans FB',                            
                             'Bernard MT', 'Blackadder                         
                             ITC', 'Bodoni MT', 'Bodoni MT                     
                             Poster', 'Book Antiqua',                          
                             'Bookman Old Style', 'Bradley                     
                             Hand ITC', 'Britannic',                           
                             'Broadway', 'Brush Script MT',                    
                             'Calibri', 'Californian FB',                      
                             'Calisto MT', 'Cambria',                          
                             'Cambria Math', 'Candara',                        
                             'Cascadia Code', 'Cascadia                        
                             Mono', 'Castellar', 'Centaur',                    
                             'Century', 'Century Gothic',                      
                             'Century Schoolbook',                             
                             'Chiller', 'Colonna MT',                          
                             'Comic Sans MS', 'Consolas',                      
                             'Constantia', 'Cooper',                           
                             'Copperplate Gothic',                             
                             'Corbel', 'Courier New',                          
                             'Curlz MT', 'Cursive',                            
                             'Dubai', 'Ebrima', 'Edwardian                     
                             Script ITC', 'Elephant',                          
                             'Engravers MT', 'Eras ITC',                       
                             'Fantasy', 'Felix Titling',                       
                             'Footlight MT', 'Forte',                          
                             'Franklin Gothic', 'Franklin                      
                             Gothic Book', 'Freestyle                          
                             Script', 'French Script MT',                      
                             'Gabriola', 'Gadugi',                             
                             'Garamond', 'Georgia', 'Gigi',                    
                             'Gill Sans', 'Gill Sans MT',                      
                             'Gloucester MT', 'Goudy Old                       
                             Style', 'Goudy Stout',                            
                             'Haettenschweiler', 'Harlow                       
                             Solid', 'Harrington', 'High                       
                             Tower Text', 'Impact',                            
                             'Imprint MT Shadow', 'Informal                    
                             Roman', 'Ink Free', 'Javanese                     
                             Text', 'Jokerman', 'Juice                         
                             ITC', 'Kristen ITC', 'Kunstler                    
                             Script', 'Leelawadee',                            
                             'Leelawadee UI', 'Lucida                          
                             Bright', 'Lucida Calligraphy',                    
                             'Lucida Console', 'Lucida                         
                             Fax', 'Lucida Handwriting',                       
                             'Lucida Sans', 'Lucida Sans                       
                             Typewriter', 'Lucida Sans                         
                             Unicode', 'MS Gothic', 'MS                        
                             PGothic', 'MS Reference Sans                      
                             Serif', 'MS UI Gothic', 'MV                       
                             Boli', 'Magneto', 'Maiandra                       
                             GD', 'Malgun Gothic', 'Matura                     
                             MT Script Capitals',                              
                             'Microsoft Himalaya',                             
                             'Microsoft JhengHei',                             
                             'Microsoft JhengHei UI',                          
                             'Microsoft New Tai Lue',                          
                             'Microsoft PhagsPa',                              
                             'Microsoft Sans Serif',                           
                             'Microsoft Tai Le', 'Microsoft                    
                             Uighur', 'Microsoft YaHei',                       
                             'Microsoft YaHei UI',                             
                             'Microsoft Yi Baiti',                             
                             'MingLiU-ExtB',                                   
                             'MingLiU_HKSCS-ExtB',                             
                             'MingLiU_MSCS-ExtB',                              
                             'Mistral', 'Modern No. 20',                       
                             'Mongolian Baiti',                                
                             'Monospace', 'Monotype                            
                             Corsiva', 'Myanmar Text',                         
                             'NSimSun', 'Niagara Engraved',                    
                             'Niagara Solid', 'Nirmala                         
                             Text', 'Nirmala UI', 'OCR A',                     
                             'Old English Text MT', 'Onyx',                    
                             'PMingLiU-ExtB', 'Palace                          
                             Script MT', 'Palatino                             
                             Linotype', 'Papyrus',                             
                             'Parchment', 'Perpetua',                          
                             'Perpetua Titling MT',                            
                             'Playbill', 'Poor Richard',                       
                             'Pristina', 'Rage', 'Ravie',                      
                             'Rockwell', 'Sans', 'Sans                         
                             Serif Collection',                                
                             'Sans-Serif', 'Script MT',                        
                             'Segoe Print', 'Segoe Script',                    
                             'Segoe UI', 'Segoe UI Emoji',                     
                             'Segoe UI Historic', 'Segoe UI                    
                             Symbol', 'Segoe UI Variable                       
                             Display', 'Segoe UI Variable                      
                             Small', 'Segoe UI Variable                        
                             Text', 'Serif', 'Showcard                         
                             Gothic', 'SimSun',                                
                             'SimSun-ExtB', 'SimSun-ExtG',                     
                             'Sitka Banner', 'Sitka                            
                             Display', 'Sitka Heading',                        
                             'Sitka Small', 'Sitka                             
                             Subheading', 'Sitka Text',                        
                             'Snap ITC', 'Stencil',                            
                             'Sylfaen', 'System-ui',                           
                             'Tahoma', 'Tempus Sans ITC',                      
                             'Times New Roman', 'Trebuchet                     
                             MS', 'Tw Cen MT', 'Verdana',                      
                             'Viner Hand ITC', 'Vivaldi',                      
                             'Vladimir Script', 'Wide                          
                             Latin', 'Yu Gothic', 'Yu                          
                             Gothic UI'].                                      
[06/04/26 16:07:38] WARNING  Font Poppins not in ['Agency   text_mobject.py:464
                             FB', 'Algerian', 'Arial',                         
                             'Arial Rounded MT',                               
                             'Bahnschrift', 'Baskerville                       
                             Old Face', 'Bauhaus 93', 'Bell                    
                             MT', 'Berlin Sans FB',                            
                             'Bernard MT', 'Blackadder                         
                             ITC', 'Bodoni MT', 'Bodoni MT                     
                             Poster', 'Book Antiqua',                          
                             'Bookman Old Style', 'Bradley                     
                             Hand ITC', 'Britannic',                           
                             'Broadway', 'Brush Script MT',                    
                             'Calibri', 'Californian FB',                      
                             'Calisto MT', 'Cambria',                          
                             'Cambria Math', 'Candara',                        
                             'Cascadia Code', 'Cascadia                        
                             Mono', 'Castellar', 'Centaur',                    
                             'Century', 'Century Gothic',                      
                             'Century Schoolbook',                             
                             'Chiller', 'Colonna MT',                          
                             'Comic Sans MS', 'Consolas',                      
                             'Constantia', 'Cooper',                           
                             'Copperplate Gothic',                             
                             'Corbel', 'Courier New',                          
                             'Curlz MT', 'Cursive',                            
                             'Dubai', 'Ebrima', 'Edwardian                     
                             Script ITC', 'Elephant',                          
                             'Engravers MT', 'Eras ITC',                       
                             'Fantasy', 'Felix Titling',                       
                             'Footlight MT', 'Forte',                          
                             'Franklin Gothic', 'Franklin                      
                             Gothic Book', 'Freestyle                          
                             Script', 'French Script MT',                      
                             'Gabriola', 'Gadugi',                             
                             'Garamond', 'Georgia', 'Gigi',                    
                             'Gill Sans', 'Gill Sans MT',                      
                             'Gloucester MT', 'Goudy Old                       
                             Style', 'Goudy Stout',                            
                             'Haettenschweiler', 'Harlow                       
                             Solid', 'Harrington', 'High                       
                             Tower Text', 'Impact',                            
                             'Imprint MT Shadow', 'Informal                    
                             Roman', 'Ink Free', 'Javanese                     
                             Text', 'Jokerman', 'Juice                         
                             ITC', 'Kristen ITC', 'Kunstler                    
                             Script', 'Leelawadee',                            
                             'Leelawadee UI', 'Lucida                          
                             Bright', 'Lucida Calligraphy',                    
                             'Lucida Console', 'Lucida                         
                             Fax', 'Lucida Handwriting',                       
                             'Lucida Sans', 'Lucida Sans                       
                             Typewriter', 'Lucida Sans                         
                             Unicode', 'MS Gothic', 'MS                        
                             PGothic', 'MS Reference Sans                      
                             Serif', 'MS UI Gothic', 'MV                       
                             Boli', 'Magneto', 'Maiandra                       
                             GD', 'Malgun Gothic', 'Matura                     
                             MT Script Capitals',                              
                             'Microsoft Himalaya',                             
                             'Microsoft JhengHei',                             
                             'Microsoft JhengHei UI',                          
                             'Microsoft New Tai Lue',                          
                             'Microsoft PhagsPa',                              
                             'Microsoft Sans Serif',                           
                             'Microsoft Tai Le', 'Microsoft                    
                             Uighur', 'Microsoft YaHei',                       
                             'Microsoft YaHei UI',                             
                             'Microsoft Yi Baiti',                             
                             'MingLiU-ExtB',                                   
                             'MingLiU_HKSCS-ExtB',                             
                             'MingLiU_MSCS-ExtB',                              
                             'Mistral', 'Modern No. 20',                       
                             'Mongolian Baiti',                                
                             'Monospace', 'Monotype                            
                             Corsiva', 'Myanmar Text',                         
                             'NSimSun', 'Niagara Engraved',                    
                             'Niagara Solid', 'Nirmala                         
                             Text', 'Nirmala UI', 'OCR A',                     
                             'Old English Text MT', 'Onyx',                    
                             'PMingLiU-ExtB', 'Palace                          
                             Script MT', 'Palatino                             
                             Linotype', 'Papyrus',                             
                             'Parchment', 'Perpetua',                          
                             'Perpetua Titling MT',                            
                             'Playbill', 'Poor Richard',                       
                             'Pristina', 'Rage', 'Ravie',                      
                             'Rockwell', 'Sans', 'Sans                         
                             Serif Collection',                                
                             'Sans-Serif', 'Script MT',                        
                             'Segoe Print', 'Segoe Script',                    
                             'Segoe UI', 'Segoe UI Emoji',                     
                             'Segoe UI Historic', 'Segoe UI                    
                             Symbol', 'Segoe UI Variable                       
                             Display', 'Segoe UI Variable                      
                             Small', 'Segoe UI Variable                        
                             Text', 'Serif', 'Showcard                         
                             Gothic', 'SimSun',                                
                             'SimSun-ExtB', 'SimSun-ExtG',                     
                             'Sitka Banner', 'Sitka                            
                             Display', 'Sitka Heading',                        
                             'Sitka Small', 'Sitka                             
                             Subheading', 'Sitka Text',                        
                             'Snap ITC', 'Stencil',                            
                             'Sylfaen', 'System-ui',                           
                             'Tahoma', 'Tempus Sans ITC',                      
                             'Times New Roman', 'Trebuchet                     
                             MS', 'Tw Cen MT', 'Verdana',                      
                             'Viner Hand ITC', 'Vivaldi',                      
                             'Vladimir Script', 'Wide                          
                             Latin', 'Yu Gothic', 'Yu                          
                             Gothic UI'].                                      
[06/04/26 16:07:40] INFO     Animation 122 : Partial   scene_file_writer.py:601
                             movie file written in                             
                             'C:\Users\Coschool\manima                         
                             tions\media\videos\script                         
                             _3__cc_01_laws_of_ex_pac0                         
                             \720p30\partial_movie_fil                         
                             es\Script3Cc01LawsOfExpon                         
                             entsForRealNumbersScene\1                         
                             600912824_4074369353_1539                         
                             613989.mp4'                                       
[06/04/26 16:07:41] INFO     Animation 123 : Partial   scene_file_writer.py:601
                             movie file written in                             
                             'C:\Users\Coschool\manima                         
                             tions\media\videos\script                         
                             _3__cc_01_laws_of_ex_pac0                         
                             \720p30\partial_movie_fil                         
                             es\Script3Cc01LawsOfExpon                         
                             entsForRealNumbersScene\1                         
                             600912824_4217992463_3017                         
                             390774.mp4'                                       
[06/04/26 16:07:44] INFO     Animation 124 : Partial   scene_file_writer.py:601
                             movie file written in                             
                             'C:\Users\Coschool\manima                         
                             tions\media\videos\script                         
                             _3__cc_01_laws_of_ex_pac0                         
                             \720p30\partial_movie_fil                         
                             es\Script3Cc01LawsOfExpon                         
                             entsForRealNumbersScene\1                         
                             600912824_2410134620_8950                         
                             58623.mp4'                                        
[06/04/26 16:07:45] INFO     Animation 125 : Partial   scene_file_writer.py:601
                             movie file written in                             
                             'C:\Users\Coschool\manima                         
                             tions\media\videos\script                         
                             _3__cc_01_laws_of_ex_pac0                         
                             \720p30\partial_movie_fil                         
                             es\Script3Cc01LawsOfExpon                         
                             entsForRealNumbersScene\1                         
                             600912824_4217992463_2611                         
                             767013.mp4'                                       
[06/04/26 16:07:49] INFO     Animation 126 : Partial   scene_file_writer.py:601
                             movie file written in                             
                             'C:\Users\Coschool\manima                         
                             tions\media\videos\script                         
                             _3__cc_01_laws_of_ex_pac0                         
                             \720p30\partial_movie_fil                         
                             es\Script3Cc01LawsOfExpon                         
                             entsForRealNumbersScene\1                         
                             600912824_2517055652_1276                         
                             295387.mp4'                                       
[06/04/26 16:07:51] INFO     Animation 127 : Partial   scene_file_writer.py:601
                             movie file written in                             
                             'C:\Users\Coschool\manima                         
                             tions\media\videos\script                         
                             _3__cc_01_laws_of_ex_pac0                         
                             \720p30\partial_movie_fil                         
                             es\Script3Cc01LawsOfExpon                         
                             entsForRealNumbersScene\1                         
                             600912824_2844360058_3706                         
                             904068.mp4'                                       
[06/04/26 16:07:57] INFO     Animation 128 : Partial   scene_file_writer.py:601
                             movie file written in                             
                             'C:\Users\Coschool\manima                         
                             tions\media\videos\script                         
                             _3__cc_01_laws_of_ex_pac0                         
                             \720p30\partial_movie_fil                         
                             es\Script3Cc01LawsOfExpon                         
                             entsForRealNumbersScene\1                         
                             600912824_1384727969_3008                         
                             067645.mp4'                                       
[06/04/26 16:07:59] INFO     Animation 129 : Partial   scene_file_writer.py:601
                             movie file written in                             
                             'C:\Users\Coschool\manima                         
                             tions\media\videos\script                         
                             _3__cc_01_laws_of_ex_pac0                         
                             \720p30\partial_movie_fil                         
                             es\Script3Cc01LawsOfExpon                         
                             entsForRealNumbersScene\1                         
                             600912824_3610057614_3593                         
                             821956.mp4'                                       
[06/04/26 16:08:00] INFO     Animation 130 : Partial   scene_file_writer.py:601
                             movie file written in                             
                             'C:\Users\Coschool\manima                         
                             tions\media\videos\script                         
                             _3__cc_01_laws_of_ex_pac0                         
                             \720p30\partial_movie_fil                         
                             es\Script3Cc01LawsOfExpon                         
                             entsForRealNumbersScene\1                         
                             600912824_4217992463_6042                         
                             61672.mp4'                                        
                    INFO     Combining to Movie file.  scene_file_writer.py:753
C:\Users\Coschool\manimations\.venv311\Lib\site-packages\manim_voiceover\__init__.py:4: UserWarning: pkg_resources is deprecated as an API. See https://setuptools.pypa.io/en/latest/pkg_resources.html. The pkg_resources package is slated for removal as early as 2025-11-30. Refrain from using this package or pin to Setuptools<81.
  import pkg_resources

Animation 0: FadeIn(Text('Laws of Exponents')):   0%|          | 0/1 [00:00<?, ?it/s]
                                                                                     

Animation 1: FadeIn(Circle):   0%|          | 0/1 [00:00<?, ?it/s]
                                                                  

Animation 3: FadeIn(Circle):   0%|          | 0/1 [00:00<?, ?it/s]
                                                                  

Animation 5: FadeIn(Circle), etc.:   0%|          | 0/1 [00:00<?, ?it/s]
                                                                        

Animation 7: FadeOut(Group):   0%|          | 0/1 [00:00<?, ?it/s]
                                                                  

Animation 9: Write(Text('2×2×2×2×2×2×2×2')):   0%|          | 0/1 [00:00<?, ?it/s]
                                                                                  

Animation 12: Transform(Text('2×2×2×2×2×2×2×2')):   0%|          | 0/1 [00:00<?, ?it/s]
                                                                                       

Animation 14: FadeOut(Text('2×2×2×2×2×2×2×2')), etc.:   0%|          | 0/1 [00:00<?, ?it/s]
                                                                                           

Animation 16: Write(MathTex('2 ^3')):   0%|          | 0/1 [00:00<?, ?it/s]
                                                                           

Animation 17: FadeIn(Text('Exponent: how many times\nto multiply the base')):   0%|          | 0/1 [00:00<?, ?it/s]
                                                                                                                   

Animation 18: _MethodAnimation(MathTexPart('^3')):   0%|          | 0/1 [00:00<?, ?it/s]
                                                                                        

Animation 19: _MethodAnimation(MathTexPart('^3')):   0%|          | 0/1 [00:00<?, ?it/s]
                                                                                        

Animation 20: _MethodAnimation(MathTexPart('^3')):   0%|          | 0/1 [00:00<?, ?it/s]
                                                                                        

Animation 21: _MethodAnimation(MathTexPart('^3')):   0%|          | 0/1 [00:00<?, ?it/s]
                                                                                        

Animation 22: _MethodAnimation(MathTexPart('^3')):   0%|          | 0/1 [00:00<?, ?it/s]
                                                                                        

Animation 23: _MethodAnimation(MathTexPart('^3')):   0%|          | 0/1 [00:00<?, ?it/s]
                                                                                        

Animation 27: FadeOut(Text('Exponent: how many times\nto multiply the base')):   0%|          | 0/1 [00:00<?, ?it/s]
                                                                                                                    

Animation 28: FadeIn(Text('Base: the number\nbeing multiplied')):   0%|          | 0/1 [00:00<?, ?it/s]
                                                                                                       

Animation 29: _MethodAnimation(MathTexPart('2')):   0%|          | 0/1 [00:00<?, ?it/s]
                                                                                       

Animation 30: _MethodAnimation(MathTexPart('2')):   0%|          | 0/1 [00:00<?, ?it/s]
                                                                                       

Animation 34: FadeOut(Text('Base: the number\nbeing multiplied')):   0%|          | 0/1 [00:00<?, ?it/s]
                                                                                                        

Animation 35: FadeIn(Text('Power: the entire\nexpression')):   0%|          | 0/1 [00:00<?, ?it/s]
                                                                                                  

Animation 36: Create(Brace):   0%|          | 0/1 [00:00<?, ?it/s]
                                                                  

Animation 39: FadeOut(Text('Power: the entire\nexpression')), etc.:   0%|          | 0/1 [00:00<?, ?it/s]
                                                                                                         

Animation 40: Create(Arrow), etc.:   0%|          | 0/1 [00:00<?, ?it/s]
                                                                        

Animation 42: Create(Arrow), etc.:   0%|          | 0/1 [00:00<?, ?it/s]
                                                                        

Animation 44: Write(MathTex('= 8')):   0%|          | 0/1 [00:00<?, ?it/s]
                                                                          

Animation 45: Create(Brace), etc.:   0%|          | 0/1 [00:00<?, ?it/s]
                                                                        

Animation 47: FadeOut(Group):   0%|          | 0/1 [00:00<?, ?it/s]
                                                                   

Animation 50: FadeIn(Text('Laws of Exponents')):   0%|          | 0/1 [00:00<?, ?it/s]
                                                                                      

Animation 54: FadeIn(Text('Product of Powers Law')):   0%|          | 0/1 [00:00<?, ?it/s]
                                                                                          

Animation 55: FadeIn(Text('When multiplying same bases,\nadd the exponents')):   0%|          | 0/1 [00:00<?, ?it/s]
                                                                                                                    

Animation 59: FadeOut(Text('When multiplying same bases,\nadd the exponents')):   0%|          | 0/1 [00:00<?, ?it/s]
                                                                                                                     

Animation 60: Write(MathTex('2 ^3')), etc.:   0%|          | 0/1 [00:00<?, ?it/s]
                                                                                 

Animation 62: Write(MathTex('3 + 2 = 5')):   0%|          | 0/1 [00:00<?, ?it/s]
                                                                                

Animation 64: Transform(MathTex('?')):   0%|          | 0/1 [00:00<?, ?it/s]
                                                                            

Animation 66: FadeOut(Group):   0%|          | 0/1 [00:00<?, ?it/s]
                                                                   

Animation 68: FadeIn(Text('Quotient of Powers Law')):   0%|          | 0/1 [00:00<?, ?it/s]
                                                                                           

Animation 69: FadeIn(Text('When dividing same bases,\nsubtract the exponents')):   0%|          | 0/1 [00:00<?, ?it/s]
                                                                                                                      

Animation 73: FadeOut(Text('When dividing same bases,\nsubtract the exponents')):   0%|          | 0/1 [00:00<?, ?it/s]
                                                                                                                       

Animation 74: Write(MathTex('2 ^5')), etc.:   0%|          | 0/1 [00:00<?, ?it/s]
                                                                                 

Animation 76: Write(MathTex('5 - 2 = 3')):   0%|          | 0/1 [00:00<?, ?it/s]
                                                                                

Animation 78: Transform(MathTex('?')):   0%|          | 0/1 [00:00<?, ?it/s]
                                                                            

Animation 80: FadeOut(Group):   0%|          | 0/1 [00:00<?, ?it/s]
                                                                   

Animation 81: FadeIn(Text('Power of a Power Law')):   0%|          | 0/1 [00:00<?, ?it/s]
                                                                                         

Animation 82: FadeIn(Text('Multiply the exponents together')):   0%|          | 0/1 [00:00<?, ?it/s]
                                                                                                    

Animation 86: FadeOut(Text('Multiply the exponents together')):   0%|          | 0/1 [00:00<?, ?it/s]
                                                                                                     

Animation 87: Write(MathTex('(')), etc.:   0%|          | 0/1 [00:00<?, ?it/s]
                                                                              

Animation 89: Write(MathTex('3 \\times 2 = 6')):   0%|          | 0/1 [00:00<?, ?it/s]
                                                                                      

Animation 91: Transform(MathTex('?')):   0%|          | 0/1 [00:00<?, ?it/s]
                                                                            

Animation 93: FadeOut(Group):   0%|          | 0/1 [00:00<?, ?it/s]
                                                                   

Animation 95: Write(MathTex('a ^0 = 1')), etc.:   0%|          | 0/1 [00:00<?, ?it/s]
                                                                                     

Animation 97: FadeOut(Group):   0%|          | 0/1 [00:00<?, ?it/s]
                                                                   

Animation 100: FadeIn(Text('Example')):   0%|          | 0/1 [00:00<?, ?it/s]
                                                                             

Animation 101: FadeIn(Text('Question:')), etc.:   0%|          | 0/1 [00:00<?, ?it/s]
                                                                                     
C:\Users\Coschool\manimations\.venv311\Lib\site-packages\stable_whisper\whisper_word_level\original_whisper.py:249: UserWarning: FP16 is not supported on CPU; using FP32 instead
  warnings.warn("FP16 is not supported on CPU; using FP32 instead")

Transcribe:   0%|          | 0/7.2 [00:00<?, ?sec/s]
                                                    

Transcribe:   0%|          | 0/7.2 [00:05<?, ?sec/s]
Transcribe: 100%|##########| 7.2/7.2 [00:16<00:00,  2.26s/sec]
Transcribe: 100%|##########| 7.2/7.2 [00:16<00:00,  2.26s/sec]
couldn't load font "Poppins Not-Rotated 6.667", falling back to "Sans Not-Rotated 6.667", expect ugly output.
Animation 105: FadeIn(Text('Solution:')):   0%|          | 0/30 [00:00<?, ?it/s]
Animation 105: FadeIn(Text('Solution:')):  20%|##        | 6/30 [00:00<00:00, 53.94it/s]
Animation 105: FadeIn(Text('Solution:')):  40%|####      | 12/30 [00:00<00:00, 51.42it/s]
Animation 105: FadeIn(Text('Solution:')):  60%|######    | 18/30 [00:00<00:00, 52.58it/s]
Animation 105: FadeIn(Text('Solution:')):  83%|########3 | 25/30 [00:00<00:00, 56.63it/s]
                                                                                         
couldn't load font "Poppins Not-Rotated 5.833", falling back to "Sans Not-Rotated 5.833", expect ugly output.
Animation 106: FadeIn(Text('Using Product of Powers Law')):   0%|          | 0/30 [00:00<?, ?it/s]
Animation 106: FadeIn(Text('Using Product of Powers Law')):  13%|#3        | 4/30 [00:00<00:00, 34.47it/s]
Animation 106: FadeIn(Text('Using Product of Powers Law')):  33%|###3      | 10/30 [00:00<00:00, 43.00it/s]
Animation 106: FadeIn(Text('Using Product of Powers Law')):  53%|#####3    | 16/30 [00:00<00:00, 47.73it/s]
Animation 106: FadeIn(Text('Using Product of Powers Law')):  73%|#######3  | 22/30 [00:00<00:00, 49.45it/s]
Animation 106: FadeIn(Text('Using Product of Powers Law')):  90%|######### | 27/30 [00:00<00:00, 47.72it/s]
                                                                                                           

Animation 107: Write(MathTex('2 + 4 = 6')):   0%|          | 0/30 [00:00<?, ?it/s]
Animation 107: Write(MathTex('2 + 4 = 6')):  27%|##6       | 8/30 [00:00<00:00, 75.02it/s]
Animation 107: Write(MathTex('2 + 4 = 6')):  53%|#####3    | 16/30 [00:00<00:00, 67.15it/s]
Animation 107: Write(MathTex('2 + 4 = 6')):  80%|########  | 24/30 [00:00<00:00, 70.09it/s]
                                                                                           
C:\Users\Coschool\manimations\.venv311\Lib\site-packages\stable_whisper\whisper_word_level\original_whisper.py:249: UserWarning: FP16 is not supported on CPU; using FP32 instead
  warnings.warn("FP16 is not supported on CPU; using FP32 instead")

Transcribe:   0%|          | 0/5.62 [00:00<?, ?sec/s]
                                                     

Transcribe:   0%|          | 0/5.62 [00:03<?, ?sec/s]
Transcribe: 100%|##########| 5.62/5.62 [00:09<00:00,  1.65s/sec]
Transcribe: 100%|##########| 5.62/5.62 [00:09<00:00,  1.65s/sec]

Animation 111: Create(Rectangle), etc.:   0%|          | 0/30 [00:00<?, ?it/s]
Animation 111: Create(Rectangle), etc.:  37%|###6      | 11/30 [00:00<00:00, 98.75it/s]
Animation 111: Create(Rectangle), etc.:  70%|#######   | 21/30 [00:00<00:00, 73.32it/s]
Animation 111: Create(Rectangle), etc.:  97%|#########6| 29/30 [00:00<00:00, 73.82it/s]
                                                                                       

Transcribe:   0%|          | 0/5.45 [00:00<?, ?sec/s]
                                                     

Transcribe:   0%|          | 0/5.45 [00:03<?, ?sec/s]
Transcribe: 100%|##########| 5.45/5.45 [00:07<00:00,  1.40s/sec]
Transcribe: 100%|##########| 5.45/5.45 [00:07<00:00,  1.40s/sec]

Animation 115: FadeOut(Group):   0%|          | 0/30 [00:00<?, ?it/s]
Animation 115: FadeOut(Group):  10%|#         | 3/30 [00:00<00:00, 28.99it/s]
Animation 115: FadeOut(Group):  23%|##3       | 7/30 [00:00<00:00, 30.37it/s]
Animation 115: FadeOut(Group):  37%|###6      | 11/30 [00:00<00:00, 34.15it/s]
Animation 115: FadeOut(Group):  50%|#####     | 15/30 [00:00<00:00, 33.03it/s]
Animation 115: FadeOut(Group):  63%|######3   | 19/30 [00:00<00:00, 33.75it/s]
Animation 115: FadeOut(Group):  77%|#######6  | 23/30 [00:00<00:00, 32.93it/s]
Animation 115: FadeOut(Group):  90%|######### | 27/30 [00:00<00:00, 32.53it/s]
                                                                              

Animation 116: FadeIn(Circle), etc.:   0%|          | 0/30 [00:00<?, ?it/s]
Animation 116: FadeIn(Circle), etc.:  33%|###3      | 10/30 [00:00<00:00, 78.13it/s]
Animation 116: FadeIn(Circle), etc.:  60%|######    | 18/30 [00:00<00:00, 66.42it/s]
Animation 116: FadeIn(Circle), etc.:  93%|#########3| 28/30 [00:00<00:00, 77.90it/s]
                                                                                    

Animation 118: FadeOut(Group):   0%|          | 0/30 [00:00<?, ?it/s]
Animation 118: FadeOut(Group):  40%|####      | 12/30 [00:00<00:00, 119.42it/s]
Animation 118: FadeOut(Group):  80%|########  | 24/30 [00:00<00:00, 103.08it/s]
                                                                               

Transcribe:   0%|          | 0/14.9 [00:00<?, ?sec/s]
                                                     

Transcribe:   0%|          | 0/14.9 [00:03<?, ?sec/s]
Transcribe: 100%|##########| 14.9/14.9 [00:11<00:00,  1.34sec/s]
Transcribe: 100%|##########| 14.9/14.9 [00:11<00:00,  1.34sec/s]

Animation 121: FadeIn(Text('Summary')):   0%|          | 0/30 [00:00<?, ?it/s]
Animation 121: FadeIn(Text('Summary')):  20%|##        | 6/30 [00:00<00:00, 55.34it/s]
Animation 121: FadeIn(Text('Summary')):  43%|####3     | 13/30 [00:00<00:00, 61.48it/s]
Animation 121: FadeIn(Text('Summary')):  67%|######6   | 20/30 [00:00<00:00, 64.21it/s]
Animation 121: FadeIn(Text('Summary')):  93%|#########3| 28/30 [00:00<00:00, 66.94it/s]
                                                                                       

Animation 122: FadeIn(Text('• Exponents show repeated multiplication\n  with a base and power')):   0%|          | 0/30 [00:00<?, ?it/s]
Animation 122: FadeIn(Text('• Exponents show repeated multiplication\n  with a base and power')):  10%|#         | 3/30 [00:00<00:01, 20.69it/s]
Animation 122: FadeIn(Text('• Exponents show repeated multiplication\n  with a base and power')):  23%|##3       | 7/30 [00:00<00:00, 25.97it/s]
Animation 122: FadeIn(Text('• Exponents show repeated multiplication\n  with a base and power')):  37%|###6      | 11/30 [00:00<00:00, 29.44it/s]
Animation 122: FadeIn(Text('• Exponents show repeated multiplication\n  with a base and power')):  47%|####6     | 14/30 [00:00<00:00, 28.49it/s]
Animation 122: FadeIn(Text('• Exponents show repeated multiplication\n  with a base and power')):  60%|######    | 18/30 [00:00<00:00, 29.54it/s]
Animation 122: FadeIn(Text('• Exponents show repeated multiplication\n  with a base and power')):  73%|#######3  | 22/30 [00:00<00:00, 30.85it/s]
Animation 122: FadeIn(Text('• Exponents show repeated multiplication\n  with a base and power')):  87%|########6 | 26/30 [00:00<00:00, 30.96it/s]
Animation 122: FadeIn(Text('• Exponents show repeated multiplication\n  with a base and power')): 100%|##########| 30/30 [00:01<00:00, 31.06it/s]
                                                                                                                                                 

Animation 124: FadeIn(Text('• Product of powers: add exponents\n  when multiplying same bases')):   0%|          | 0/30 [00:00<?, ?it/s]
Animation 124: FadeIn(Text('• Product of powers: add exponents\n  when multiplying same bases')):  13%|#3        | 4/30 [00:00<00:00, 32.45it/s]
Animation 124: FadeIn(Text('• Product of powers: add exponents\n  when multiplying same bases')):  27%|##6       | 8/30 [00:00<00:00, 32.42it/s]
Animation 124: FadeIn(Text('• Product of powers: add exponents\n  when multiplying same bases')):  40%|####      | 12/30 [00:00<00:00, 34.03it/s]
Animation 124: FadeIn(Text('• Product of powers: add exponents\n  when multiplying same bases')):  53%|#####3    | 16/30 [00:00<00:00, 33.10it/s]
Animation 124: FadeIn(Text('• Product of powers: add exponents\n  when multiplying same bases')):  67%|######6   | 20/30 [00:00<00:00, 33.54it/s]
Animation 124: FadeIn(Text('• Product of powers: add exponents\n  when multiplying same bases')):  80%|########  | 24/30 [00:00<00:00, 33.10it/s]
Animation 124: FadeIn(Text('• Product of powers: add exponents\n  when multiplying same bases')):  93%|#########3| 28/30 [00:00<00:00, 32.25it/s]
                                                                                                                                                 

Animation 126: FadeIn(Text('• Quotient of powers: subtract exponents\n• Power of a power: multiply exponents')):   0%|          | 0/30 [00:00<?, ?it/s]
Animation 126: FadeIn(Text('• Quotient of powers: subtract exponents\n• Power of a power: multiply exponents')):  10%|#         | 3/30 [00:00<00:00, 27.10it/s]
Animation 126: FadeIn(Text('• Quotient of powers: subtract exponents\n• Power of a power: multiply exponents')):  20%|##        | 6/30 [00:00<00:00, 26.06it/s]
Animation 126: FadeIn(Text('• Quotient of powers: subtract exponents\n• Power of a power: multiply exponents')):  30%|###       | 9/30 [00:00<00:00, 26.44it/s]
Animation 126: FadeIn(Text('• Quotient of powers: subtract exponents\n• Power of a power: multiply exponents')):  40%|####      | 12/30 [00:00<00:00, 22.19it/s]
Animation 126: FadeIn(Text('• Quotient of powers: subtract exponents\n• Power of a power: multiply exponents')):  50%|#####     | 15/30 [00:00<00:00, 20.79it/s]
Animation 126: FadeIn(Text('• Quotient of powers: subtract exponents\n• Power of a power: multiply exponents')):  63%|######3   | 19/30 [00:00<00:00, 23.23it/s]
Animation 126: FadeIn(Text('• Quotient of powers: subtract exponents\n• Power of a power: multiply exponents')):  73%|#######3  | 22/30 [00:00<00:00, 24.21it/s]
Animation 126: FadeIn(Text('• Quotient of powers: subtract exponents\n• Power of a power: multiply exponents')):  87%|########6 | 26/30 [00:01<00:00, 25.22it/s]
Animation 126: FadeIn(Text('• Quotient of powers: subtract exponents\n• Power of a power: multiply exponents')):  97%|#########6| 29/30 [00:01<00:00, 26.24it/s]
                                                                                                                                                                

Animation 128: FadeOut(Group):   0%|          | 0/30 [00:00<?, ?it/s]
Animation 128: FadeOut(Group):   7%|6         | 2/30 [00:00<00:02, 11.96it/s]
Animation 128: FadeOut(Group):  13%|#3        | 4/30 [00:00<00:02, 12.51it/s]
Animation 128: FadeOut(Group):  20%|##        | 6/30 [00:00<00:02, 10.66it/s]
Animation 128: FadeOut(Group):  27%|##6       | 8/30 [00:00<00:02, 10.85it/s]
Animation 128: FadeOut(Group):  33%|###3      | 10/30 [00:00<00:01, 11.29it/s]
Animation 128: FadeOut(Group):  40%|####      | 12/30 [00:01<00:01, 11.76it/s]
Animation 128: FadeOut(Group):  47%|####6     | 14/30 [00:01<00:01, 12.02it/s]
Animation 128: FadeOut(Group):  53%|#####3    | 16/30 [00:01<00:01, 11.98it/s]
Animation 128: FadeOut(Group):  60%|######    | 18/30 [00:01<00:01, 11.94it/s]
Animation 128: FadeOut(Group):  67%|######6   | 20/30 [00:01<00:00, 11.79it/s]
Animation 128: FadeOut(Group):  73%|#######3  | 22/30 [00:01<00:00, 12.17it/s]
Animation 128: FadeOut(Group):  80%|########  | 24/30 [00:02<00:00, 12.30it/s]
Animation 128: FadeOut(Group):  87%|########6 | 26/30 [00:02<00:00, 12.04it/s]
Animation 128: FadeOut(Group):  93%|#########3| 28/30 [00:02<00:00, 12.00it/s]
Animation 128: FadeOut(Group): 100%|##########| 30/30 [00:02<00:00, 12.18it/s]
                                                                              
+--------------------- Traceback (most recent call last) ---------------------+
| C:\Users\Coschool\manimations\.venv311\Lib\site-packages\manim\cli\render\c |
| ommands.py:125 in render                                                    |
|                                                                             |
|   122             try:                                                      |
|   123                 with tempconfig({}):                                  |
|   124                     scene = SceneClass()                              |
| > 125                     scene.render()                                    |
|   126             except Exception:                                         |
|   127                 error_console.print_exception()                       |
|   128                 sys.exit(1)                                           |
|                                                                             |
| C:\Users\Coschool\manimations\.venv311\Lib\site-packages\manim\scene\scene. |
| py:270 in render                                                            |
|                                                                             |
|    267             return True                                              |
|    268         self.tear_down()                                             |
|    269         # We have to reset these settings in case of multiple render |
| >  270         self.renderer.scene_finished(self)                           |
|    271                                                                      |
|    272         # Show info only if animations are rendered or to get image  |
|    273         if (                                                         |
|                                                                             |
| C:\Users\Coschool\manimations\.venv311\Lib\site-packages\manim\renderer\cai |
| ro_renderer.py:274 in scene_finished                                        |
|                                                                             |
|   271     def scene_finished(self, scene: Scene) -> None:                   |
|   272         # If no animations in scene, render an image instead          |
|   273         if self.num_plays:                                            |
| > 274             self.file_writer.finish()                                 |
|   275         elif config.write_to_movie:                                   |
|   276             config.save_last_frame = True                             |
|   277             config.write_to_movie = False                             |
|                                                                             |
| C:\Users\Coschool\manimations\.venv311\Lib\site-packages\manim\scene\scene_ |
| file_writer.py:527 in finish                                                |
|                                                                             |
|   524         If save_last_frame is True, saves the last frame in the defau |
|   525         """                                                           |
|   526         if write_to_movie():                                          |
| > 527             self.combine_to_movie()                                   |
|   528             if config.save_sections:                                  |
|   529                 self.combine_to_section_videos()                      |
|   530             if config["flush_cache"]:                                 |
|                                                                             |
| C:\Users\Coschool\manimations\.venv311\Lib\site-packages\manim\scene\scene_ |
| file_writer.py:754 in combine_to_movie                                      |
|                                                                             |
|   751             return                                                    |
|   752                                                                       |
|   753         logger.info("Combining to Movie file.")                       |
| > 754         self.combine_files(                                           |
|   755             partial_movie_files,                                      |
|   756             movie_file_path,                                          |
|   757             is_gif_format(),                                          |
|                                                                             |
| C:\Users\Coschool\manimations\.venv311\Lib\site-packages\manim\scene\scene_ |
| file_writer.py:718 in combine_files                                         |
|                                                                             |
|   715             )                                                         |
|   716             if config.transparent and config.movie_file_extension ==  |
|   717                 output_stream.pix_fmt = "yuva420p"                    |
| > 718             for packet in partial_movies_input.demux(partial_movies_s |
|   719                 # We need to skip the "flushing" packets that `demux` |
|   720                 if packet.dts is None:                                |
|   721                     continue                                          |
|                                                                             |
| in av.container.input.InputContainer.demux:183                              |
|                                                                             |
| in av.container.core.Container.err_check:369                                |
|                                                                             |
| in av.error.err_check:411                                                   |
+-----------------------------------------------------------------------------+
InvalidDataError: [Errno 1094995529] Invalid data found when processing input: 
'C:\\Users\\Coschool\\manimations\\media\\videos\\script_3__cc_01_laws_of_ex_pa
c0\\720p30\\partial_movie_files\\Script3Cc01LawsOfExponentsForRealNumbersScene\
\partial_movie_file_list.txt'
